id|name|number|weight|height|image_url|generation_id
1|BULBASAUR|1|6.9|0.7|https://pokefanaticos.com/pokedex/assets/images/pokemon_imagenes/1.png|1
2|IVYSAUR|2|13.0|1.0|https://pokefanaticos.com/pokedex/assets/images/pokemon_imagenes/2.png|1
3|VENUSAUR|3|100.0|2.0|https://pokefanaticos.com/pokedex/assets/images/pokemon_imagenes/3.png|1
4|CHARMANDER|4|8.5|0.6|https://pokefanaticos.com/pokedex/assets/images/pokemon_imagenes/4.png|1
5|CHARMELEON|5|19.0|1.1|https://pokefanaticos.com/pokedex/assets/images/pokemon_imagenes/5.png|1
6|CHARIZARD|6|90.5|1.7|https://pokefanaticos.com/pokedex/assets/images/pokemon_imagenes/6.png|1
7|SQUIRTLE|7|9.0|0.5|https://pokefanaticos.com/pokedex/assets/images/pokemon_imagenes/7.png|1
8|WARTORTLE|8|22.5|1.0|https://pokefanaticos.com/pokedex/assets/images/pokemon_imagenes/8.png|1
9|BLASTOISE|9|85.5|1.6|https://pokefanaticos.com/pokedex/assets/images/pokemon_imagenes/9.png|1
10|CATERPIE|10|2.9|0.3|https://pokefanaticos.com/pokedex/assets/images/pokemon_imagenes/10.png|1
11|METAPOD|11|9.9|0.7|https://pokefanaticos.com/pokedex/assets/images/pokemon_imagenes/11.png|1
12|BUTTERFREE|12|32.0|1.1|https://pokefanaticos.com/pokedex/assets/images/pokemon_imagenes/12.png|1
13|WEEDLE|13|3.2|0.3|https://pokefanaticos.com/pokedex/assets/images/pokemon_imagenes/13.png|1
14|KAKUNA|14|10.0|0.6|https://pokefanaticos.com/pokedex/assets/images/pokemon_imagenes/14.png|1
15|BEEDRILL|15|29.5|1.0|https://pokefanaticos.com/pokedex/assets/images/pokemon_imagenes/15.png|1
16|PIDGEY|16|1.8|0.3|https://pokefanaticos.com/pokedex/assets/images/pokemon_imagenes/16.png|1
17|PIDGEOTTO|17|30.0|1.1|https://pokefanaticos.com/pokedex/assets/images/pokemon_imagenes/17.png|1
18|PIDGEOT|18|39.5|1.5|https://pokefanaticos.com/pokedex/assets/images/pokemon_imagenes/18.png|1
19|RATTATA|19|3.5|0.3|https://pokefanaticos.com/pokedex/assets/images/pokemon_imagenes/19.png|1
20|RATICATE|20|18.5|0.7|https://pokefanaticos.com/pokedex/assets/images/pokemon_imagenes/20.png|1
21|SPEAROW|21|2.0|0.3|https://pokefanaticos.com/pokedex/assets/images/pokemon_imagenes/21.png|1
22|FEAROW|22|30.8|1.2|https://pokefanaticos.com/pokedex/assets/images/pokemon_imagenes/22.png|1
23|EKANS|23|6.9|2.0|https://pokefanaticos.com/pokedex/assets/images/pokemon_imagenes/23.png|1
24|ARBOK|24|65.0|3.5|https://pokefanaticos.com/pokedex/assets/images/pokemon_imagenes/24.png|1
25|PIKACHU|25|6.0|0.4|https://pokefanaticos.com/pokedex/assets/images/pokemon_imagenes/25.png|1
26|RAICHU|26|30.0|0.8|https://pokefanaticos.com/pokedex/assets/images/pokemon_imagenes/26.png|1
27|SANDSHREW|27|12.0|0.6|https://pokefanaticos.com/pokedex/assets/images/pokemon_imagenes/27.png|1
28|SANDSLASH|28|25.9|1.0|https://pokefanaticos.com/pokedex/assets/images/pokemon_imagenes/28.png|1
29|NIDORAN HEMBRA|29|7.0|0.4|https://pokefanaticos.com/pokedex/assets/images/pokemon_imagenes/29.png|1
30|NIDORINA|30|20.0|0.8|https://pokefanaticos.com/pokedex/assets/images/pokemon_imagenes/30.png|1
31|NIDOQUEEN|31|60.0|1.3|https://pokefanaticos.com/pokedex/assets/images/pokemon_imagenes/31.png|1
32|NIDORAN MACHO|32|9.0|0.5|https://pokefanaticos.com/pokedex/assets/images/pokemon_imagenes/32.png|1
33|NIDORINO|33|19.5|0.9|https://pokefanaticos.com/pokedex/assets/images/pokemon_imagenes/33.png|1
34|NIDOKING|34|62.0|1.4|https://pokefanaticos.com/pokedex/assets/images/pokemon_imagenes/34.png|1
35|CLEFAIRY|35|7.5|0.6|https://pokefanaticos.com/pokedex/assets/images/pokemon_imagenes/35.png|1
36|CLEFABLE|36|40.0|1.3|https://pokefanaticos.com/pokedex/assets/images/pokemon_imagenes/36.png|1
37|VULPIX|37|9.9|0.6|https://pokefanaticos.com/pokedex/assets/images/pokemon_imagenes/37.png|1
38|NINETALES|38|19.9|1.1|https://pokefanaticos.com/pokedex/assets/images/pokemon_imagenes/38.png|1
39|JIGGLYPUFF|39|5.5|0.5|https://pokefanaticos.com/pokedex/assets/images/pokemon_imagenes/39.png|1
40|WIGGLYTUFF|40|12.0|1.0|https://pokefanaticos.com/pokedex/assets/images/pokemon_imagenes/40.png|1
41|ZUBAT|41|7.5|0.8|https://pokefanaticos.com/pokedex/assets/images/pokemon_imagenes/41.png|1
42|GOLBAT|42|55.0|1.6|https://pokefanaticos.com/pokedex/assets/images/pokemon_imagenes/42.png|1
43|ODDISH|43|5.4|0.5|https://pokefanaticos.com/pokedex/assets/images/pokemon_imagenes/43.png|1
44|GLOOM|44|8.6|0.8|https://pokefanaticos.com/pokedex/assets/images/pokemon_imagenes/44.png|1
45|VILEPLUME|45|18.6|1.2|https://pokefanaticos.com/pokedex/assets/images/pokemon_imagenes/45.png|1
46|PARAS|46|5.4|0.3|https://pokefanaticos.com/pokedex/assets/images/pokemon_imagenes/46.png|1
47|PARASECT|47|29.5|1.0|https://pokefanaticos.com/pokedex/assets/images/pokemon_imagenes/47.png|1
48|VENONAT|48|30.0|1.0|https://pokefanaticos.com/pokedex/assets/images/pokemon_imagenes/48.png|1
49|VENOMOTH|49|12.5|1.5|https://pokefanaticos.com/pokedex/assets/images/pokemon_imagenes/49.png|1
50|DIGLETT|50|0.8|0.2|https://pokefanaticos.com/pokedex/assets/images/pokemon_imagenes/50.png|1
51|DUGTRIO|51|33.3|0.7|https://pokefanaticos.com/pokedex/assets/images/pokemon_imagenes/51.png|1
52|MEOWTH|52|4.2|0.4|https://pokefanaticos.com/pokedex/assets/images/pokemon_imagenes/52.png|1
53|PERSIAN|53|32.0|1.0|https://pokefanaticos.com/pokedex/assets/images/pokemon_imagenes/53.png|1
54|PSYDUCK|54|19.6|0.8|https://pokefanaticos.com/pokedex/assets/images/pokemon_imagenes/54.png|1
55|GOLDUCK|55|76.6|1.7|https://pokefanaticos.com/pokedex/assets/images/pokemon_imagenes/55.png|1
56|MANKEY|56|28.0|0.5|https://pokefanaticos.com/pokedex/assets/images/pokemon_imagenes/56.png|1
57|PRIMEAPE|57|32.0|1.0|https://pokefanaticos.com/pokedex/assets/images/pokemon_imagenes/57.png|1
58|GROWLITHE|58|19.0|0.7|https://pokefanaticos.com/pokedex/assets/images/pokemon_imagenes/58.png|1
59|ARCANINE|59|155.0|1.9|https://pokefanaticos.com/pokedex/assets/images/pokemon_imagenes/59.png|1
60|POLIWAG|60|12.4|0.6|https://pokefanaticos.com/pokedex/assets/images/pokemon_imagenes/60.png|1
61|POLIWHIRL|61|20.0|1.0|https://pokefanaticos.com/pokedex/assets/images/pokemon_imagenes/61.png|1
62|POLIWRATH|62|54.0|1.3|https://pokefanaticos.com/pokedex/assets/images/pokemon_imagenes/62.png|1
63|ABRA|63|19.5|0.9|https://pokefanaticos.com/pokedex/assets/images/pokemon_imagenes/63.png|1
64|KADABRA|64|56.5|1.3|https://pokefanaticos.com/pokedex/assets/images/pokemon_imagenes/64.png|1
65|ALAKAZAM|65|48.0|1.5|https://pokefanaticos.com/pokedex/assets/images/pokemon_imagenes/65.png|1
66|MACHOP|66|19.5|0.8|https://pokefanaticos.com/pokedex/assets/images/pokemon_imagenes/66.png|1
67|MACHOKE|67|70.5|1.5|https://pokefanaticos.com/pokedex/assets/images/pokemon_imagenes/67.png|1
68|MACHAMP|68|130.0|1.6|https://pokefanaticos.com/pokedex/assets/images/pokemon_imagenes/68.png|1
69|BELLSPROUT|69|4.0|0.7|https://pokefanaticos.com/pokedex/assets/images/pokemon_imagenes/69.png|1
70|WEEPINBELL|70|6.4|1.0|https://pokefanaticos.com/pokedex/assets/images/pokemon_imagenes/70.png|1
71|VICTREEBEL|71|15.5|1.7|https://pokefanaticos.com/pokedex/assets/images/pokemon_imagenes/71.png|1
72|TENTACOOL|72|45.5|0.9|https://pokefanaticos.com/pokedex/assets/images/pokemon_imagenes/72.png|1
73|TENTACRUEL|73|55.0|1.6|https://pokefanaticos.com/pokedex/assets/images/pokemon_imagenes/73.png|1
74|GEODUDE|74|20.0|0.4|https://pokefanaticos.com/pokedex/assets/images/pokemon_imagenes/74.png|1
75|GRAVELER|75|105.0|1.0|https://pokefanaticos.com/pokedex/assets/images/pokemon_imagenes/75.png|1
76|GOLEM|76|300.0|1.4|https://pokefanaticos.com/pokedex/assets/images/pokemon_imagenes/76.png|1
77|PONYTA|77|30.0|1.0|https://pokefanaticos.com/pokedex/assets/images/pokemon_imagenes/77.png|1
78|RAPIDASH|78|95.0|1.7|https://pokefanaticos.com/pokedex/assets/images/pokemon_imagenes/78.png|1
79|SLOWPOKE|79|36.0|1.2|https://pokefanaticos.com/pokedex/assets/images/pokemon_imagenes/79.png|1
80|SLOWBRO|80|78.5|1.6|https://pokefanaticos.com/pokedex/assets/images/pokemon_imagenes/80.png|1
81|MAGNEMITE|81|6.0|0.3|https://pokefanaticos.com/pokedex/assets/images/pokemon_imagenes/81.png|1
82|MAGNETON|82|60.0|1.0|https://pokefanaticos.com/pokedex/assets/images/pokemon_imagenes/82.png|1
83|FARFETCH D|83|15.0|0.8|https://pokefanaticos.com/pokedex/assets/images/pokemon_imagenes/83.png|1
84|DODUO|84|39.2|1.4|https://pokefanaticos.com/pokedex/assets/images/pokemon_imagenes/84.png|1
85|DODRIO|85|85.2|1.8|https://pokefanaticos.com/pokedex/assets/images/pokemon_imagenes/85.png|1
86|SEEL|86|90.0|1.1|https://pokefanaticos.com/pokedex/assets/images/pokemon_imagenes/86.png|1
87|DEWGONG|87|120.0|1.7|https://pokefanaticos.com/pokedex/assets/images/pokemon_imagenes/87.png|1
88|GRIMER|88|30.0|0.9|https://pokefanaticos.com/pokedex/assets/images/pokemon_imagenes/88.png|1
89|MUK|89|30.0|1.2|https://pokefanaticos.com/pokedex/assets/images/pokemon_imagenes/89.png|1
90|SHELLDER|90|4.0|0.3|https://pokefanaticos.com/pokedex/assets/images/pokemon_imagenes/90.png|1
91|CLOYSTER|91|132.5|1.5|https://pokefanaticos.com/pokedex/assets/images/pokemon_imagenes/91.png|1
92|GASTLY|92|0.1|1.3|https://pokefanaticos.com/pokedex/assets/images/pokemon_imagenes/92.png|1
93|HAUNTER|93|0.1|1.6|https://pokefanaticos.com/pokedex/assets/images/pokemon_imagenes/93.png|1
94|GENGAR|94|40.5|1.5|https://pokefanaticos.com/pokedex/assets/images/pokemon_imagenes/94.png|1
95|ONIX|95|210.0|8.8|https://pokefanaticos.com/pokedex/assets/images/pokemon_imagenes/95.png|1
96|DROWZEE|96|32.4|1.0|https://pokefanaticos.com/pokedex/assets/images/pokemon_imagenes/96.png|1
97|HYPNO|97|75.6|1.6|https://pokefanaticos.com/pokedex/assets/images/pokemon_imagenes/97.png|1
98|KRABBY|98|6.5|0.4|https://pokefanaticos.com/pokedex/assets/images/pokemon_imagenes/98.png|1
99|KINGLER|99|60.0|1.3|https://pokefanaticos.com/pokedex/assets/images/pokemon_imagenes/99.png|1
100|VOLTORB|100|10.4|0.5|https://pokefanaticos.com/pokedex/assets/images/pokemon_imagenes/100.png|1
101|ELECTRODE|101|66.6|1.2|https://pokefanaticos.com/pokedex/assets/images/pokemon_imagenes/101.png|1
102|EXEGGCUTE|102|2.5|0.4|https://pokefanaticos.com/pokedex/assets/images/pokemon_imagenes/102.png|1
103|EXEGGUTOR|103|120.0|2.0|https://pokefanaticos.com/pokedex/assets/images/pokemon_imagenes/103.png|1
104|CUBONE|104|6.5|0.4|https://pokefanaticos.com/pokedex/assets/images/pokemon_imagenes/104.png|1
105|MAROWAK|105|45.0|1.0|https://pokefanaticos.com/pokedex/assets/images/pokemon_imagenes/105.png|1
106|HITMONLEE|106|49.8|1.5|https://pokefanaticos.com/pokedex/assets/images/pokemon_imagenes/106.png|1
107|HITMONCHAN|107|50.2|1.4|https://pokefanaticos.com/pokedex/assets/images/pokemon_imagenes/107.png|1
108|LICKITUNG|108|65.5|1.2|https://pokefanaticos.com/pokedex/assets/images/pokemon_imagenes/108.png|1
109|KOFFING|109|1.0|0.6|https://pokefanaticos.com/pokedex/assets/images/pokemon_imagenes/109.png|1
110|WEEZING|110|9.5|1.2|https://pokefanaticos.com/pokedex/assets/images/pokemon_imagenes/110.png|1
111|RHYHORN|111|115.0|1.0|https://pokefanaticos.com/pokedex/assets/images/pokemon_imagenes/111.png|1
112|RHYDON|112|120.0|1.9|https://pokefanaticos.com/pokedex/assets/images/pokemon_imagenes/112.png|1
113|CHANSEY|113|34.6|1.1|https://pokefanaticos.com/pokedex/assets/images/pokemon_imagenes/113.png|1
114|TANGELA|114|35.0|1.0|https://pokefanaticos.com/pokedex/assets/images/pokemon_imagenes/114.png|1
115|KANGASKHAN|115|80.0|2.2|https://pokefanaticos.com/pokedex/assets/images/pokemon_imagenes/115.png|1
116|HORSEA|116|8.0|0.4|https://pokefanaticos.com/pokedex/assets/images/pokemon_imagenes/116.png|1
117|SEADRA|117|25.0|1.2|https://pokefanaticos.com/pokedex/assets/images/pokemon_imagenes/117.png|1
118|GOLDEEN|118|15.0|0.6|https://pokefanaticos.com/pokedex/assets/images/pokemon_imagenes/118.png|1
119|SEAKING|119|39.0|1.3|https://pokefanaticos.com/pokedex/assets/images/pokemon_imagenes/119.png|1
120|STARYU|120|34.5|0.8|https://pokefanaticos.com/pokedex/assets/images/pokemon_imagenes/120.png|1
121|STARMIE|121|80.0|1.1|https://pokefanaticos.com/pokedex/assets/images/pokemon_imagenes/121.png|1
122|MR.MIME|122|54.5|1.3|https://pokefanaticos.com/pokedex/assets/images/pokemon_imagenes/122.png|1
123|SCYTHER|123|56.0|1.5|https://pokefanaticos.com/pokedex/assets/images/pokemon_imagenes/123.png|1
124|JYNX|124|40.6|1.4|https://pokefanaticos.com/pokedex/assets/images/pokemon_imagenes/124.png|1
125|ELECTABUZZ|125|30.0|1.1|https://pokefanaticos.com/pokedex/assets/images/pokemon_imagenes/125.png|1
126|MAGMAR|126|44.5|1.3|https://pokefanaticos.com/pokedex/assets/images/pokemon_imagenes/126.png|1
127|PINSIR|127|55.0|1.5|https://pokefanaticos.com/pokedex/assets/images/pokemon_imagenes/127.png|1
128|TAUROS|128|88.4|1.4|https://pokefanaticos.com/pokedex/assets/images/pokemon_imagenes/128.png|1
129|MAGIKARP|129|10.0|0.9|https://pokefanaticos.com/pokedex/assets/images/pokemon_imagenes/129.png|1
130|GYARADOS|130|235.0|6.5|https://pokefanaticos.com/pokedex/assets/images/pokemon_imagenes/130.png|1
131|LAPRAS|131|220.0|2.5|https://pokefanaticos.com/pokedex/assets/images/pokemon_imagenes/131.png|1
132|DITTO|132|4.0|0.3|https://pokefanaticos.com/pokedex/assets/images/pokemon_imagenes/132.png|1
133|EEVEE|133|6.5|0.3|https://pokefanaticos.com/pokedex/assets/images/pokemon_imagenes/133.png|1
134|VAPOREON|134|29.0|1.0|https://pokefanaticos.com/pokedex/assets/images/pokemon_imagenes/134.png|1
135|JOLTEON|135|24.5|0.8|https://pokefanaticos.com/pokedex/assets/images/pokemon_imagenes/135.png|1
136|FLAREON|136|25.0|0.9|https://pokefanaticos.com/pokedex/assets/images/pokemon_imagenes/136.png|1
137|PORYGON|137|36.5|0.8|https://pokefanaticos.com/pokedex/assets/images/pokemon_imagenes/137.png|1
138|OMANYTE|138|7.5|0.4|https://pokefanaticos.com/pokedex/assets/images/pokemon_imagenes/138.png|1
139|OMASTAR|139|35.0|1.0|https://pokefanaticos.com/pokedex/assets/images/pokemon_imagenes/139.png|1
140|KABUTO|140|11.5|0.5|https://pokefanaticos.com/pokedex/assets/images/pokemon_imagenes/140.png|1
141|KABUTOPS|141|40.5|1.3|https://pokefanaticos.com/pokedex/assets/images/pokemon_imagenes/141.png|1
142|AERODACTYL|142|59.0|1.8|https://pokefanaticos.com/pokedex/assets/images/pokemon_imagenes/142.png|1
143|SNORLAX|143|460.0|2.1|https://pokefanaticos.com/pokedex/assets/images/pokemon_imagenes/143.png|1
144|ARTICUNO|144|55.4|1.7|https://pokefanaticos.com/pokedex/assets/images/pokemon_imagenes/144.png|1
145|ZAPDOS|145|52.6|1.6|https://pokefanaticos.com/pokedex/assets/images/pokemon_imagenes/145.png|1
146|MOLTRES|146|60.0|2.0|https://pokefanaticos.com/pokedex/assets/images/pokemon_imagenes/146.png|1
147|DRATINI|147|3.3|1.8|https://pokefanaticos.com/pokedex/assets/images/pokemon_imagenes/147.png|1
148|DRAGONAIR|148|16.5|4.0|https://pokefanaticos.com/pokedex/assets/images/pokemon_imagenes/148.png|1
149|DRAGONITE|149|210.0|2.2|https://pokefanaticos.com/pokedex/assets/images/pokemon_imagenes/149.png|1
150|MEWTWO|150|122.0|2.0|https://pokefanaticos.com/pokedex/assets/images/pokemon_imagenes/150.png|1
151|MEW|151|4.0|0.4|https://pokefanaticos.com/pokedex/assets/images/pokemon_imagenes/151.png|1
152|CHIKORITA|152|6.4|0.9|https://pokefanaticos.com/pokedex/assets/images/pokemon_imagenes/152.png|2
153|BAYLEEF|153|15.8|1.2|https://pokefanaticos.com/pokedex/assets/images/pokemon_imagenes/153.png|2
154|MEGANIUM|154|100.5|1.8|https://pokefanaticos.com/pokedex/assets/images/pokemon_imagenes/154.png|2
155|CYNDAQUIL|155|7.9|0.5|https://pokefanaticos.com/pokedex/assets/images/pokemon_imagenes/155.png|2
156|QUILAVA|156|19.0|0.9|https://pokefanaticos.com/pokedex/assets/images/pokemon_imagenes/156.png|2
157|TYPHLOSION|157|79.5|1.7|https://pokefanaticos.com/pokedex/assets/images/pokemon_imagenes/157.png|2
158|TOTODILE|158|9.5|0.6|https://pokefanaticos.com/pokedex/assets/images/pokemon_imagenes/158.png|2
159|CROCONAW|159|25.0|1.1|https://pokefanaticos.com/pokedex/assets/images/pokemon_imagenes/159.png|2
160|FERALIGATR|160|88.8|2.3|https://pokefanaticos.com/pokedex/assets/images/pokemon_imagenes/160.png|2
161|SENTRET|161|6.0|0.8|https://pokefanaticos.com/pokedex/assets/images/pokemon_imagenes/161.png|2
162|FURRET|162|32.5|1.8|https://pokefanaticos.com/pokedex/assets/images/pokemon_imagenes/162.png|2
163|HOOTHOOT|163|21.2|0.7|https://pokefanaticos.com/pokedex/assets/images/pokemon_imagenes/163.png|2
164|NOCTOWL|164|40.8|1.6|https://pokefanaticos.com/pokedex/assets/images/pokemon_imagenes/164.png|2
165|LEDYBA|165|10.8|1.0|https://pokefanaticos.com/pokedex/assets/images/pokemon_imagenes/165.png|2
166|LEDIAN|166|35.6|1.4|https://pokefanaticos.com/pokedex/assets/images/pokemon_imagenes/166.png|2
167|SPINARAK|167|8.5|0.5|https://pokefanaticos.com/pokedex/assets/images/pokemon_imagenes/167.png|2
168|ARIADOS|168|33.5|1.1|https://pokefanaticos.com/pokedex/assets/images/pokemon_imagenes/168.png|2
169|CROBAT|169|75.0|1.8|https://pokefanaticos.com/pokedex/assets/images/pokemon_imagenes/169.png|2
170|CHINCHOU|170|12.0|0.5|https://pokefanaticos.com/pokedex/assets/images/pokemon_imagenes/170.png|2
171|LANTURN|171|22.5|1.2|https://pokefanaticos.com/pokedex/assets/images/pokemon_imagenes/171.png|2
172|PICHU|172|2.0|0.3|https://pokefanaticos.com/pokedex/assets/images/pokemon_imagenes/172.png|2
173|CLEFFA|173|3.0|0.3|https://pokefanaticos.com/pokedex/assets/images/pokemon_imagenes/173.png|2
174|IGGLYBUFF|174|1.0|0.3|https://pokefanaticos.com/pokedex/assets/images/pokemon_imagenes/174.png|2
175|TOGEPI|175|1.5|0.3|https://pokefanaticos.com/pokedex/assets/images/pokemon_imagenes/175.png|2
176|TOGETIC|176|3.2|0.6|https://pokefanaticos.com/pokedex/assets/images/pokemon_imagenes/176.png|2
177|NATU|177|2.0|0.2|https://pokefanaticos.com/pokedex/assets/images/pokemon_imagenes/177.png|2
178|XATU|178|15.0|1.5|https://pokefanaticos.com/pokedex/assets/images/pokemon_imagenes/178.png|2
179|MAREEP|179|7.8|0.6|https://pokefanaticos.com/pokedex/assets/images/pokemon_imagenes/179.png|2
180|FLAAFFY|180|13.3|0.8|https://pokefanaticos.com/pokedex/assets/images/pokemon_imagenes/180.png|2
181|AMPHAROS|181|61.5|1.4|https://pokefanaticos.com/pokedex/assets/images/pokemon_imagenes/181.png|2
182|BELLOSSOM|182|5.8|0.4|https://pokefanaticos.com/pokedex/assets/images/pokemon_imagenes/182.png|2
183|MARILL|183|8.5|0.4|https://pokefanaticos.com/pokedex/assets/images/pokemon_imagenes/183.png|2
184|AZUMARILL|184|28.5|0.8|https://pokefanaticos.com/pokedex/assets/images/pokemon_imagenes/184.png|2
185|SUDOWOODO|185|38.0|1.2|https://pokefanaticos.com/pokedex/assets/images/pokemon_imagenes/185.png|2
186|POLITOED|186|33.9|1.1|https://pokefanaticos.com/pokedex/assets/images/pokemon_imagenes/186.png|2
187|HOPPIP|187|0.5|0.4|https://pokefanaticos.com/pokedex/assets/images/pokemon_imagenes/187.png|2
188|SKIPLOOM|188|1.0|0.6|https://pokefanaticos.com/pokedex/assets/images/pokemon_imagenes/188.png|2
189|JUMPLUFF|189|3.0|0.8|https://pokefanaticos.com/pokedex/assets/images/pokemon_imagenes/189.png|2
190|AIPOM|190|11.5|0.8|https://pokefanaticos.com/pokedex/assets/images/pokemon_imagenes/190.png|2
191|SUNKERN|191|1.8|0.3|https://pokefanaticos.com/pokedex/assets/images/pokemon_imagenes/191.png|2
192|SUNFLORA|192|8.5|0.8|https://pokefanaticos.com/pokedex/assets/images/pokemon_imagenes/192.png|2
193|YANMA|193|38.0|1.2|https://pokefanaticos.com/pokedex/assets/images/pokemon_imagenes/193.png|2
194|WOOPER|194|8.5|0.4|https://pokefanaticos.com/pokedex/assets/images/pokemon_imagenes/194.png|2
195|QUAGSIRE|195|75.0|1.4|https://pokefanaticos.com/pokedex/assets/images/pokemon_imagenes/195.png|2
196|ESPEON|196|26.5|0.9|https://pokefanaticos.com/pokedex/assets/images/pokemon_imagenes/196.png|2
197|UMBREON|197|27.0|1.0|https://pokefanaticos.com/pokedex/assets/images/pokemon_imagenes/197.png|2
198|MURKROW|198|2.1|0.5|https://pokefanaticos.com/pokedex/assets/images/pokemon_imagenes/198.png|2
199|SLOWKING|199|79.5|2.0|https://pokefanaticos.com/pokedex/assets/images/pokemon_imagenes/199.png|2
200|MISDREAVUS|200|1.0|0.7|https://pokefanaticos.com/pokedex/assets/images/pokemon_imagenes/200.png|2
201|UNOWN|201|5.0|0.5|https://pokefanaticos.com/pokedex/assets/images/pokemon_imagenes/201.png|2
202|WOBBUFFET|202|28.5|1.3|https://pokefanaticos.com/pokedex/assets/images/pokemon_imagenes/202.png|2
203|GIRAFARIG|203|41.5|1.5|https://pokefanaticos.com/pokedex/assets/images/pokemon_imagenes/203.png|2
204|PINECO|204|7.2|0.6|https://pokefanaticos.com/pokedex/assets/images/pokemon_imagenes/204.png|2
205|FORRETRESS|205|125.8|1.2|https://pokefanaticos.com/pokedex/assets/images/pokemon_imagenes/205.png|2
206|DUNSPARCE|206|14.0|1.5|https://pokefanaticos.com/pokedex/assets/images/pokemon_imagenes/206.png|2
207|GLIGAR|207|64.8|1.1|https://pokefanaticos.com/pokedex/assets/images/pokemon_imagenes/207.png|2
208|STEELIX|208|400.0|9.2|https://pokefanaticos.com/pokedex/assets/images/pokemon_imagenes/208.png|2
209|SNUBBULL|209|7.8|0.6|https://pokefanaticos.com/pokedex/assets/images/pokemon_imagenes/209.png|2
210|GRANBULL|210|48.7|1.4|https://pokefanaticos.com/pokedex/assets/images/pokemon_imagenes/210.png|2
211|QWILFISH|211|3.9|0.5|https://pokefanaticos.com/pokedex/assets/images/pokemon_imagenes/211.png|2
212|SCIZOR|212|118.0|1.8|https://pokefanaticos.com/pokedex/assets/images/pokemon_imagenes/212.png|2
213|SHUCKLE|213|20.5|0.6|https://pokefanaticos.com/pokedex/assets/images/pokemon_imagenes/213.png|2
214|HERACROSS|214|54.0|1.5|https://pokefanaticos.com/pokedex/assets/images/pokemon_imagenes/214.png|2
215|SNEASEL|215|28.0|0.9|https://pokefanaticos.com/pokedex/assets/images/pokemon_imagenes/215.png|2
216|TEDDIURSA|216|0.8|0.6|https://pokefanaticos.com/pokedex/assets/images/pokemon_imagenes/216.png|2
217|URSARING|217|125.8|1.8|https://pokefanaticos.com/pokedex/assets/images/pokemon_imagenes/217.png|2
218|SLUGMA|218|35.0|0.7|https://pokefanaticos.com/pokedex/assets/images/pokemon_imagenes/218.png|2
219|MAGCARGO|219|55.0|0.8|https://pokefanaticos.com/pokedex/assets/images/pokemon_imagenes/219.png|2
220|SWINUB|220|6.5|0.4|https://pokefanaticos.com/pokedex/assets/images/pokemon_imagenes/220.png|2
221|PILOSWINE|221|55.8|1.1|https://pokefanaticos.com/pokedex/assets/images/pokemon_imagenes/221.png|2
222|CORSOLA|222|5.0|0.6|https://pokefanaticos.com/pokedex/assets/images/pokemon_imagenes/222.png|2
223|REMORAID|223|12.0|0.6|https://pokefanaticos.com/pokedex/assets/images/pokemon_imagenes/223.png|2
224|OCTILLERY|224|28.5|0.9|https://pokefanaticos.com/pokedex/assets/images/pokemon_imagenes/224.png|2
225|DELIBIRD|225|16.0|0.9|https://pokefanaticos.com/pokedex/assets/images/pokemon_imagenes/225.png|2
226|MANTINE|226|220.0|2.1|https://pokefanaticos.com/pokedex/assets/images/pokemon_imagenes/226.png|2
227|SKARMORY|227|50.5|1.7|https://pokefanaticos.com/pokedex/assets/images/pokemon_imagenes/227.png|2
228|HOUNDOUR|228|10.8|0.6|https://pokefanaticos.com/pokedex/assets/images/pokemon_imagenes/228.png|2
229|HOUNDOOM|229|35.0|1.4|https://pokefanaticos.com/pokedex/assets/images/pokemon_imagenes/229.png|2
230|KINGDRA|230|152.0|1.8|https://pokefanaticos.com/pokedex/assets/images/pokemon_imagenes/230.png|2
231|PHANPY|231|33.5|0.5|https://pokefanaticos.com/pokedex/assets/images/pokemon_imagenes/231.png|2
232|DONPHAN|232|120.0|1.1|https://pokefanaticos.com/pokedex/assets/images/pokemon_imagenes/232.png|2
233|PORYGON2|233|32.5|0.6|https://pokefanaticos.com/pokedex/assets/images/pokemon_imagenes/233.png|2
234|STANTLER|234|71.2|1.4|https://pokefanaticos.com/pokedex/assets/images/pokemon_imagenes/234.png|2
235|SMEARGLE|235|58.0|1.2|https://pokefanaticos.com/pokedex/assets/images/pokemon_imagenes/235.png|2
236|TYROGUE|236|21.0|0.7|https://pokefanaticos.com/pokedex/assets/images/pokemon_imagenes/236.png|2
237|HITMONTOP|237|48.0|1.4|https://pokefanaticos.com/pokedex/assets/images/pokemon_imagenes/237.png|2
238|SMOOCHUM|238|6.0|0.4|https://pokefanaticos.com/pokedex/assets/images/pokemon_imagenes/238.png|2
239|ELEKID|239|23.5|0.6|https://pokefanaticos.com/pokedex/assets/images/pokemon_imagenes/239.png|2
240|MAGBY|240|21.4|0.7|https://pokefanaticos.com/pokedex/assets/images/pokemon_imagenes/240.png|2
241|MILTANK|241|75.5|1.2|https://pokefanaticos.com/pokedex/assets/images/pokemon_imagenes/241.png|2
242|BLISSEY|242|46.8|1.5|https://pokefanaticos.com/pokedex/assets/images/pokemon_imagenes/242.png|2
243|RAIKOU|243|178.0|1.9|https://pokefanaticos.com/pokedex/assets/images/pokemon_imagenes/243.png|2
244|ENTEI|244|198.0|2.1|https://pokefanaticos.com/pokedex/assets/images/pokemon_imagenes/244.png|2
245|SUICUNE|245|187.0|2.0|https://pokefanaticos.com/pokedex/assets/images/pokemon_imagenes/245.png|2
246|LARVITAR|246|72.0|0.6|https://pokefanaticos.com/pokedex/assets/images/pokemon_imagenes/246.png|2
247|PUPITAR|247|152.0|1.2|https://pokefanaticos.com/pokedex/assets/images/pokemon_imagenes/247.png|2
248|TYRANITAR|248|202.0|2.0|https://pokefanaticos.com/pokedex/assets/images/pokemon_imagenes/248.png|2
249|LUGIA|249|216.0|5.2|https://pokefanaticos.com/pokedex/assets/images/pokemon_imagenes/249.png|2
250|HO-OH|250|199.0|3.8|https://pokefanaticos.com/pokedex/assets/images/pokemon_imagenes/250.png|2
251|CELEBI|251|5.0|0.6|https://pokefanaticos.com/pokedex/assets/images/pokemon_imagenes/251.png|2
252|TREECKO|252|5.0|0.5|https://pokefanaticos.com/pokedex/assets/images/pokemon_imagenes/252.png|3
253|GROVYLE|253|21.6|0.9|https://pokefanaticos.com/pokedex/assets/images/pokemon_imagenes/253.png|3
254|SCEPTILE|254|52.5|1.7|https://pokefanaticos.com/pokedex/assets/images/pokemon_imagenes/254.png|3
255|TORCHIC|255|2.5|0.4|https://pokefanaticos.com/pokedex/assets/images/pokemon_imagenes/255.png|3
256|COMBUSKEN|256|19.5|0.9|https://pokefanaticos.com/pokedex/assets/images/pokemon_imagenes/256.png|3
257|BLAZIKEN|257|52.0|1.9|https://pokefanaticos.com/pokedex/assets/images/pokemon_imagenes/257.png|3
258|MUDKIP|258|7.6|0.4|https://pokefanaticos.com/pokedex/assets/images/pokemon_imagenes/258.png|3
259|MARSHTOMP|259|28.0|0.7|https://pokefanaticos.com/pokedex/assets/images/pokemon_imagenes/259.png|3
260|SWAMPERT|260|81.9|1.5|https://pokefanaticos.com/pokedex/assets/images/pokemon_imagenes/260.png|3
261|POOCHYENA|261|13.6|0.5|https://pokefanaticos.com/pokedex/assets/images/pokemon_imagenes/261.png|3
262|MIGHTYENA|262|37.0|1.0|https://pokefanaticos.com/pokedex/assets/images/pokemon_imagenes/262.png|3
263|ZIGZAGOON|263|17.5|0.4|https://pokefanaticos.com/pokedex/assets/images/pokemon_imagenes/263.png|3
264|LINOONE|264|32.5|0.5|https://pokefanaticos.com/pokedex/assets/images/pokemon_imagenes/264.png|3
265|WRUMPLE|265|3.6|0.3|https://pokefanaticos.com/pokedex/assets/images/pokemon_imagenes/265.png|3
266|SILCOON|266|10.0|0.6|https://pokefanaticos.com/pokedex/assets/images/pokemon_imagenes/266.png|3
267|BEAUTIFLY|267|28.4|1.0|https://pokefanaticos.com/pokedex/assets/images/pokemon_imagenes/267.png|3
268|CASCOON|268|11.5|0.7|https://pokefanaticos.com/pokedex/assets/images/pokemon_imagenes/268.png|3
269|DUSTOX|269|31.6|1.2|https://pokefanaticos.com/pokedex/assets/images/pokemon_imagenes/269.png|3
270|LOTAD|270|2.6|0.5|https://pokefanaticos.com/pokedex/assets/images/pokemon_imagenes/270.png|3
271|LOMBRE|271|32.5|1.2|https://pokefanaticos.com/pokedex/assets/images/pokemon_imagenes/271.png|3
272|LUDICOLO|272|55.0|1.5|https://pokefanaticos.com/pokedex/assets/images/pokemon_imagenes/272.png|3
273|SEEDOT|273|4.0|0.5|https://pokefanaticos.com/pokedex/assets/images/pokemon_imagenes/273.png|3
274|NUZLEAF|274|28.0|1.0|https://pokefanaticos.com/pokedex/assets/images/pokemon_imagenes/274.png|3
275|SHIFTRY|275|59.6|1.3|https://pokefanaticos.com/pokedex/assets/images/pokemon_imagenes/275.png|3
276|TAILLOW|276|2.3|0.3|https://pokefanaticos.com/pokedex/assets/images/pokemon_imagenes/276.png|3
277|SWELLOW|277|19.8|0.7|https://pokefanaticos.com/pokedex/assets/images/pokemon_imagenes/277.png|3
278|WINGULL|278|9.5|0.6|https://pokefanaticos.com/pokedex/assets/images/pokemon_imagenes/278.png|3
279|PELIPPER|279|28.0|1.2|https://pokefanaticos.com/pokedex/assets/images/pokemon_imagenes/279.png|3
280|RALTS|280|6.6|0.4|https://pokefanaticos.com/pokedex/assets/images/pokemon_imagenes/280.png|3
281|KIRLIA|281|20.0|0.8|https://pokefanaticos.com/pokedex/assets/images/pokemon_imagenes/281.png|3
282|GARDEVOIR|282|48.4|1.6|https://pokefanaticos.com/pokedex/assets/images/pokemon_imagenes/282.png|3
283|SURSKIT|283|1.7|0.5|https://pokefanaticos.com/pokedex/assets/images/pokemon_imagenes/283.png|3
284|MASQUERAIN|284|3.6|0.8|https://pokefanaticos.com/pokedex/assets/images/pokemon_imagenes/284.png|3
285|SHROOMISH|285|4.5|0.4|https://pokefanaticos.com/pokedex/assets/images/pokemon_imagenes/285.png|3
286|BRELOOM|286|39.2|1.2|https://pokefanaticos.com/pokedex/assets/images/pokemon_imagenes/286.png|3
287|SLAKOTH|287|25.0|0.8|https://pokefanaticos.com/pokedex/assets/images/pokemon_imagenes/287.png|3
288|VIGOROTH|288|46.5|1.4|https://pokefanaticos.com/pokedex/assets/images/pokemon_imagenes/288.png|3
289|SLAKING|289|130.5|2.0|https://pokefanaticos.com/pokedex/assets/images/pokemon_imagenes/289.png|3
290|NINCADA|290|5.5|0.5|https://pokefanaticos.com/pokedex/assets/images/pokemon_imagenes/290.png|3
291|NINJASK|291|12.0|0.8|https://pokefanaticos.com/pokedex/assets/images/pokemon_imagenes/291.png|3
292|SHEDINJA|292|1.2|0.8|https://pokefanaticos.com/pokedex/assets/images/pokemon_imagenes/292.png|3
293|WHISMUR|293|16.3|0.6|https://pokefanaticos.com/pokedex/assets/images/pokemon_imagenes/293.png|3
294|LOUDRED|294|40.5|1.0|https://pokefanaticos.com/pokedex/assets/images/pokemon_imagenes/294.png|3
295|EXPLOUD|295|84.0|1.5|https://pokefanaticos.com/pokedex/assets/images/pokemon_imagenes/295.png|3
296|MAKUHITA|296|86.4|1.0|https://pokefanaticos.com/pokedex/assets/images/pokemon_imagenes/296.png|3
297|HARIYAMA|297|253.8|2.3|https://pokefanaticos.com/pokedex/assets/images/pokemon_imagenes/297.png|3
298|AZURILL|298|2.0|0.2|https://pokefanaticos.com/pokedex/assets/images/pokemon_imagenes/298.png|3
299|NOSEPASS|299|97.0|1.0|https://pokefanaticos.com/pokedex/assets/images/pokemon_imagenes/299.png|3
300|SKITTY|300|11.0|0.6|https://pokefanaticos.com/pokedex/assets/images/pokemon_imagenes/300.png|3
301|DELCATTY|301|32.6|1.1|https://pokefanaticos.com/pokedex/assets/images/pokemon_imagenes/301.png|3
302|SABLEYE|302|11.0|0.5|https://pokefanaticos.com/pokedex/assets/images/pokemon_imagenes/302.png|3
303|MAWILE|303|11.5|0.6|https://pokefanaticos.com/pokedex/assets/images/pokemon_imagenes/303.png|3
304|ARON|304|60.0|0.4|https://pokefanaticos.com/pokedex/assets/images/pokemon_imagenes/304.png|3
305|LAIRON|305|120.0|0.9|https://pokefanaticos.com/pokedex/assets/images/pokemon_imagenes/305.png|3
306|AGGRON|306|360.0|2.1|https://pokefanaticos.com/pokedex/assets/images/pokemon_imagenes/306.png|3
307|MEDITITE|307|11.2|0.6|https://pokefanaticos.com/pokedex/assets/images/pokemon_imagenes/307.png|3
308|MEDICHAM|308|31.5|1.3|https://pokefanaticos.com/pokedex/assets/images/pokemon_imagenes/308.png|3
309|ELECTRIKE|309|15.2|0.6|https://pokefanaticos.com/pokedex/assets/images/pokemon_imagenes/309.png|3
310|MANECTRIC|310|40.2|1.5|https://pokefanaticos.com/pokedex/assets/images/pokemon_imagenes/310.png|3
311|PLUSLE|311|4.2|0.4|https://pokefanaticos.com/pokedex/assets/images/pokemon_imagenes/311.png|3
312|MINUN|312|4.2|0.4|https://pokefanaticos.com/pokedex/assets/images/pokemon_imagenes/312.png|3
313|VOLBEAT|313|17.7|0.7|https://pokefanaticos.com/pokedex/assets/images/pokemon_imagenes/313.png|3
314|ILLUMISE|314|17.7|0.6|https://pokefanaticos.com/pokedex/assets/images/pokemon_imagenes/314.png|3
315|ROSELIA|315|2.0|0.3|https://pokefanaticos.com/pokedex/assets/images/pokemon_imagenes/315.png|3
316|GULPIN|316|10.3|0.4|https://pokefanaticos.com/pokedex/assets/images/pokemon_imagenes/316.png|3
317|SWALOT|317|80.0|1.7|https://pokefanaticos.com/pokedex/assets/images/pokemon_imagenes/317.png|3
318|CARVANHA|318|20.8|0.8|https://pokefanaticos.com/pokedex/assets/images/pokemon_imagenes/318.png|3
319|SHARPEDO|319|88.8|1.8|https://pokefanaticos.com/pokedex/assets/images/pokemon_imagenes/319.png|3
320|WAILMER|320|130.0|2.0|https://pokefanaticos.com/pokedex/assets/images/pokemon_imagenes/320.png|3
321|WAILORD|321|398.0|14.5|https://pokefanaticos.com/pokedex/assets/images/pokemon_imagenes/321.png|3
322|NUMEL|322|24.0|0.7|https://pokefanaticos.com/pokedex/assets/images/pokemon_imagenes/322.png|3
323|CAMERUPT|323|220.0|1.9|https://pokefanaticos.com/pokedex/assets/images/pokemon_imagenes/323.png|3
324|TORKOAL|324|80.4|0.5|https://pokefanaticos.com/pokedex/assets/images/pokemon_imagenes/324.png|3
325|SPOINK|325|30.6|0.7|https://pokefanaticos.com/pokedex/assets/images/pokemon_imagenes/325.png|3
326|GRUMPIG|326|71.5|0.9|https://pokefanaticos.com/pokedex/assets/images/pokemon_imagenes/326.png|3
327|SPINDA|327|5.0|1.1|https://pokefanaticos.com/pokedex/assets/images/pokemon_imagenes/327.png|3
328|TRAPINCH|328|15.0|0.7|https://pokefanaticos.com/pokedex/assets/images/pokemon_imagenes/328.png|3
329|VIBRAVA|329|15.3|1.1|https://pokefanaticos.com/pokedex/assets/images/pokemon_imagenes/329.png|3
330|FLYGON|330|88.0|2.0|https://pokefanaticos.com/pokedex/assets/images/pokemon_imagenes/330.png|3
331|CACNEA|331|51.3|0.4|https://pokefanaticos.com/pokedex/assets/images/pokemon_imagenes/331.png|3
332|CACTURNE|332|77.4|1.3|https://pokefanaticos.com/pokedex/assets/images/pokemon_imagenes/332.png|3
333|SWABLU|333|1.2|0.4|https://pokefanaticos.com/pokedex/assets/images/pokemon_imagenes/333.png|3
334|ALTARIA|334|20.6|1.1|https://pokefanaticos.com/pokedex/assets/images/pokemon_imagenes/334.png|3
335|ZANGOOSE|335|40.3|1.3|https://pokefanaticos.com/pokedex/assets/images/pokemon_imagenes/335.png|3
336|SEVIPER|336|52.7|2.7|https://pokefanaticos.com/pokedex/assets/images/pokemon_imagenes/336.png|3
337|LUNATONE|337|168.0|1.0|https://pokefanaticos.com/pokedex/assets/images/pokemon_imagenes/337.png|3
338|SOLROCK|338|154.0|1.2|https://pokefanaticos.com/pokedex/assets/images/pokemon_imagenes/338.png|3
339|BARBOACH|339|1.9|0.4|https://pokefanaticos.com/pokedex/assets/images/pokemon_imagenes/339.png|3
340|WHISCASH|340|23.6|0.9|https://pokefanaticos.com/pokedex/assets/images/pokemon_imagenes/340.png|3
341|CORPHISH|341|11.5|0.6|https://pokefanaticos.com/pokedex/assets/images/pokemon_imagenes/341.png|3
342|CRAWDAUNT|342|32.8|1.1|https://pokefanaticos.com/pokedex/assets/images/pokemon_imagenes/342.png|3
343|BALTOY|343|21.5|0.5|https://pokefanaticos.com/pokedex/assets/images/pokemon_imagenes/343.png|3
344|CLAYDOL|344|108.0|1.5|https://pokefanaticos.com/pokedex/assets/images/pokemon_imagenes/344.png|3
345|LILEEP|345|23.8|1.0|https://pokefanaticos.com/pokedex/assets/images/pokemon_imagenes/345.png|3
346|CRADILY|346|60.4|1.5|https://pokefanaticos.com/pokedex/assets/images/pokemon_imagenes/346.png|3
347|ANORITH|347|12.5|0.7|https://pokefanaticos.com/pokedex/assets/images/pokemon_imagenes/347.png|3
348|ARMALDO|348|68.2|1.5|https://pokefanaticos.com/pokedex/assets/images/pokemon_imagenes/348.png|3
349|FEEBAS|349|7.4|0.6|https://pokefanaticos.com/pokedex/assets/images/pokemon_imagenes/349.png|3
350|MILOTIC|350|162.0|6.2|https://pokefanaticos.com/pokedex/assets/images/pokemon_imagenes/350.png|3
351|CASTFORM|351|0.8|0.3|https://pokefanaticos.com/pokedex/assets/images/pokemon_imagenes/351.png|3
352|KECLEON|352|22.0|1.0|https://pokefanaticos.com/pokedex/assets/images/pokemon_imagenes/352.png|3
353|SHUPPET|353|2.3|0.6|https://pokefanaticos.com/pokedex/assets/images/pokemon_imagenes/353.png|3
354|BANETTE|354|12.5|1.1|https://pokefanaticos.com/pokedex/assets/images/pokemon_imagenes/354.png|3
355|DUSKULL|355|15.0|0.8|https://pokefanaticos.com/pokedex/assets/images/pokemon_imagenes/355.png|3
356|DUSCLOPS|356|30.6|1.6|https://pokefanaticos.com/pokedex/assets/images/pokemon_imagenes/356.png|3
357|TROPIUS|357|100.0|2.0|https://pokefanaticos.com/pokedex/assets/images/pokemon_imagenes/357.png|3
358|CHIMECHO|358|1.0|0.6|https://pokefanaticos.com/pokedex/assets/images/pokemon_imagenes/358.png|3
359|ABSOL|359|47.0|1.2|https://pokefanaticos.com/pokedex/assets/images/pokemon_imagenes/359.png|3
360|WYNAUT|360|14.0|0.6|https://pokefanaticos.com/pokedex/assets/images/pokemon_imagenes/360.png|3
361|SNORUNT|361|16.8|0.7|https://pokefanaticos.com/pokedex/assets/images/pokemon_imagenes/361.png|3
362|GLALIE|362|256.5|1.5|https://pokefanaticos.com/pokedex/assets/images/pokemon_imagenes/362.png|3
363|SPHEAL|363|39.5|0.8|https://pokefanaticos.com/pokedex/assets/images/pokemon_imagenes/363.png|3
364|SEALEO|364|87.6|1.1|https://pokefanaticos.com/pokedex/assets/images/pokemon_imagenes/364.png|3
365|WALREIN|365|150.6|1.4|https://pokefanaticos.com/pokedex/assets/images/pokemon_imagenes/365.png|3
366|CLAMPERL|366|52.2|0.4|https://pokefanaticos.com/pokedex/assets/images/pokemon_imagenes/366.png|3
367|HUNTAIL|367|27.0|1.7|https://pokefanaticos.com/pokedex/assets/images/pokemon_imagenes/367.png|3
368|GOREBYSS|368|22.6|1.8|https://pokefanaticos.com/pokedex/assets/images/pokemon_imagenes/368.png|3
369|RELICANTH|369|23.4|1.0|https://pokefanaticos.com/pokedex/assets/images/pokemon_imagenes/369.png|3
370|LUVDISC|370|8.7|0.6|https://pokefanaticos.com/pokedex/assets/images/pokemon_imagenes/370.png|3
371|BAGON|371|42.1|0.6|https://pokefanaticos.com/pokedex/assets/images/pokemon_imagenes/371.png|3
372|SHELGON|372|110.5|1.1|https://pokefanaticos.com/pokedex/assets/images/pokemon_imagenes/372.png|3
373|SALAMENCE|373|102.6|1.5|https://pokefanaticos.com/pokedex/assets/images/pokemon_imagenes/373.png|3
374|BELDUM|374|95.2|0.6|https://pokefanaticos.com/pokedex/assets/images/pokemon_imagenes/374.png|3
375|METANG|375|202.5|1.2|https://pokefanaticos.com/pokedex/assets/images/pokemon_imagenes/375.png|3
376|METAGROSS|376|550.0|1.6|https://pokefanaticos.com/pokedex/assets/images/pokemon_imagenes/376.png|3
377|REGIROCK|377|230.0|1.7|https://pokefanaticos.com/pokedex/assets/images/pokemon_imagenes/377.png|3
378|REGICE|378|175.0|1.8|https://pokefanaticos.com/pokedex/assets/images/pokemon_imagenes/378.png|3
379|REGISTEEL|379|205.0|1.9|https://pokefanaticos.com/pokedex/assets/images/pokemon_imagenes/379.png|3
380|LATIAS|380|40.0|1.4|https://pokefanaticos.com/pokedex/assets/images/pokemon_imagenes/380.png|3
381|LATIOS|381|60.0|2.0|https://pokefanaticos.com/pokedex/assets/images/pokemon_imagenes/381.png|3
382|KYOGRE|382|352.0|4.5|https://pokefanaticos.com/pokedex/assets/images/pokemon_imagenes/382.png|3
383|GROUDON|383|950.0|3.5|https://pokefanaticos.com/pokedex/assets/images/pokemon_imagenes/383.png|3
384|RAYQUAZA|384|206.5|7.0|https://pokefanaticos.com/pokedex/assets/images/pokemon_imagenes/384.png|3
385|JIRACHI|385|1.1|0.3|https://pokefanaticos.com/pokedex/assets/images/pokemon_imagenes/385.png|3
386|DEOXYS|386|60.8|1.7|https://pokefanaticos.com/pokedex/assets/images/pokemon_imagenes/386.png|3
387|TURTWIG|387|10.2|0.4|https://pokefanaticos.com/pokedex/assets/images/pokemon_imagenes/387.png|4
388|GROTLE|388|97.0|1.1|https://pokefanaticos.com/pokedex/assets/images/pokemon_imagenes/388.png|4
389|TORTERRA|389|310.0|2.2|https://pokefanaticos.com/pokedex/assets/images/pokemon_imagenes/389.png|4
390|CHIMCHAR|390|6.2|0.5|https://pokefanaticos.com/pokedex/assets/images/pokemon_imagenes/390.png|4
391|MONFERNO|391|22.0|0.9|https://pokefanaticos.com/pokedex/assets/images/pokemon_imagenes/391.png|4
392|INFERNAPE|392|55.0|1.2|https://pokefanaticos.com/pokedex/assets/images/pokemon_imagenes/392.png|4
393|PIPLUP|393|5.2|0.4|https://pokefanaticos.com/pokedex/assets/images/pokemon_imagenes/393.png|4
394|PRINPLUP|394|23.0|0.8|https://pokefanaticos.com/pokedex/assets/images/pokemon_imagenes/394.png|4
395|EMPOLEON|395|84.5|1.7|https://pokefanaticos.com/pokedex/assets/images/pokemon_imagenes/395.png|4
396|STARLY|396|2.0|0.3|https://pokefanaticos.com/pokedex/assets/images/pokemon_imagenes/396.png|4
397|STARAVIA|397|15.5|0.6|https://pokefanaticos.com/pokedex/assets/images/pokemon_imagenes/397.png|4
398|STARAPTOR|398|24.9|1.2|https://pokefanaticos.com/pokedex/assets/images/pokemon_imagenes/398.png|4
399|BIDOOF|399|20.0|0.5|https://pokefanaticos.com/pokedex/assets/images/pokemon_imagenes/399.png|4
400|BIBAREL|400|31.5|1.0|https://pokefanaticos.com/pokedex/assets/images/pokemon_imagenes/400.png|4
401|KRICKETOT|401|2.2|0.3|https://pokefanaticos.com/pokedex/assets/images/pokemon_imagenes/401.png|4
402|KRICKETUNE|402|25.5|1.0|https://pokefanaticos.com/pokedex/assets/images/pokemon_imagenes/402.png|4
403|SHINX|403|9.5|0.5|https://pokefanaticos.com/pokedex/assets/images/pokemon_imagenes/403.png|4
404|LUXIO|404|30.5|0.9|https://pokefanaticos.com/pokedex/assets/images/pokemon_imagenes/404.png|4
405|LUXRAY|405|42.0|1.4|https://pokefanaticos.com/pokedex/assets/images/pokemon_imagenes/405.png|4
406|BUDEW|406|1.2|0.2|https://pokefanaticos.com/pokedex/assets/images/pokemon_imagenes/406.png|4
407|ROSERADE|407|14.5|0.9|https://pokefanaticos.com/pokedex/assets/images/pokemon_imagenes/407.png|4
408|CRANIDOS|408|31.5|0.9|https://pokefanaticos.com/pokedex/assets/images/pokemon_imagenes/408.png|4
409|RAMPARDOS|409|102.5|1.6|https://pokefanaticos.com/pokedex/assets/images/pokemon_imagenes/409.png|4
410|SHIELDON|410|57.0|0.5|https://pokefanaticos.com/pokedex/assets/images/pokemon_imagenes/410.png|4
411|BASTIODON|411|149.5|1.3|https://pokefanaticos.com/pokedex/assets/images/pokemon_imagenes/411.png|4
412|BURMY|412|3.4|0.2|https://pokefanaticos.com/pokedex/assets/images/pokemon_imagenes/412.png|4
413|WORMADAM|413|6.5|0.5|https://pokefanaticos.com/pokedex/assets/images/pokemon_imagenes/413.png|4
414|MOTHIM|414|23.3|0.9|https://pokefanaticos.com/pokedex/assets/images/pokemon_imagenes/414.png|4
415|COMBEE|415|5.5|0.3|https://pokefanaticos.com/pokedex/assets/images/pokemon_imagenes/415.png|4
416|VESPIQUEN|416|38.5|1.2|https://pokefanaticos.com/pokedex/assets/images/pokemon_imagenes/416.png|4
417|PACHIRISU|417|3.9|0.4|https://pokefanaticos.com/pokedex/assets/images/pokemon_imagenes/417.png|4
418|BUIZEL|418|29.5|0.7|https://pokefanaticos.com/pokedex/assets/images/pokemon_imagenes/418.png|4
419|FLOATZEL|419|33.5|1.1|https://pokefanaticos.com/pokedex/assets/images/pokemon_imagenes/419.png|4
420|CHERUBI|420|3.3|0.4|https://pokefanaticos.com/pokedex/assets/images/pokemon_imagenes/420.png|4
421|CHERRIM|421|9.3|0.5|https://pokefanaticos.com/pokedex/assets/images/pokemon_imagenes/421.png|4
422|SHELLOS|422|6.3|0.3|https://pokefanaticos.com/pokedex/assets/images/pokemon_imagenes/422.png|4
423|GASTRODON|423|29.9|0.9|https://pokefanaticos.com/pokedex/assets/images/pokemon_imagenes/423.png|4
424|AMBIPOM|424|20.3|1.2|https://pokefanaticos.com/pokedex/assets/images/pokemon_imagenes/424.png|4
425|DRIFLOON|425|1.2|0.4|https://pokefanaticos.com/pokedex/assets/images/pokemon_imagenes/425.png|4
426|DRIFBLIM|426|15.0|1.2|https://pokefanaticos.com/pokedex/assets/images/pokemon_imagenes/426.png|4
427|BUNEARY|427|5.5|0.4|https://pokefanaticos.com/pokedex/assets/images/pokemon_imagenes/427.png|4
428|LOPUNNY|428|33.3|1.2|https://pokefanaticos.com/pokedex/assets/images/pokemon_imagenes/428.png|4
429|MISMAGIUS|429|4.4|0.9|https://pokefanaticos.com/pokedex/assets/images/pokemon_imagenes/429.png|4
430|HONCHKROW|430|27.3|0.9|https://pokefanaticos.com/pokedex/assets/images/pokemon_imagenes/430.png|4
431|GLAMEOW|431|3.9|0.5|https://pokefanaticos.com/pokedex/assets/images/pokemon_imagenes/431.png|4
432|PURUGLY|432|43.8|1.0|https://pokefanaticos.com/pokedex/assets/images/pokemon_imagenes/432.png|4
433|CHINGLING|433|0.6|0.2|https://pokefanaticos.com/pokedex/assets/images/pokemon_imagenes/433.png|4
434|STUNKY|434|19.2|0.4|https://pokefanaticos.com/pokedex/assets/images/pokemon_imagenes/434.png|4
435|SKUNTANK|435|38.0|1.0|https://pokefanaticos.com/pokedex/assets/images/pokemon_imagenes/435.png|4
436|BRONZOR|436|60.5|0.5|https://pokefanaticos.com/pokedex/assets/images/pokemon_imagenes/436.png|4
437|BRONZONG|437|187.0|1.3|https://pokefanaticos.com/pokedex/assets/images/pokemon_imagenes/437.png|4
438|BONSLY|438|15.0|0.5|https://pokefanaticos.com/pokedex/assets/images/pokemon_imagenes/438.png|4
439|MIMEÂ JR.|439|13.0|0.6|https://pokefanaticos.com/pokedex/assets/images/pokemon_imagenes/439.png|4
440|HAPPINY|440|24.4|0.6|https://pokefanaticos.com/pokedex/assets/images/pokemon_imagenes/440.png|4
441|CHATOT|441|1.9|0.5|https://pokefanaticos.com/pokedex/assets/images/pokemon_imagenes/441.png|4
442|SPIRITOMB|442|108.0|1.0|https://pokefanaticos.com/pokedex/assets/images/pokemon_imagenes/442.png|4
443|GIBLE|443|20.5|0.7|https://pokefanaticos.com/pokedex/assets/images/pokemon_imagenes/443.png|4
444|GABITE|444|56.0|1.4|https://pokefanaticos.com/pokedex/assets/images/pokemon_imagenes/444.png|4
445|GARCHOMP|445|95.0|1.9|https://pokefanaticos.com/pokedex/assets/images/pokemon_imagenes/445.png|4
446|MUNCHLAX|446|105.0|0.6|https://pokefanaticos.com/pokedex/assets/images/pokemon_imagenes/446.png|4
447|RIOLU|447|20.2|0.7|https://pokefanaticos.com/pokedex/assets/images/pokemon_imagenes/447.png|4
448|LUCARIO|448|54.0|1.2|https://pokefanaticos.com/pokedex/assets/images/pokemon_imagenes/448.png|4
449|HIPPOPOTAS|449|49.5|0.8|https://pokefanaticos.com/pokedex/assets/images/pokemon_imagenes/449.png|4
450|HIPPOWDON|450|300.0|2.0|https://pokefanaticos.com/pokedex/assets/images/pokemon_imagenes/450.png|4
451|SKORUPI|451|12.0|0.8|https://pokefanaticos.com/pokedex/assets/images/pokemon_imagenes/451.png|4
452|DRAPION|452|61.5|1.3|https://pokefanaticos.com/pokedex/assets/images/pokemon_imagenes/452.png|4
453|CROAGUNK|453|23.0|0.7|https://pokefanaticos.com/pokedex/assets/images/pokemon_imagenes/453.png|4
454|TOXICROAK|454|44.4|1.3|https://pokefanaticos.com/pokedex/assets/images/pokemon_imagenes/454.png|4
455|CARNIVINE|455|27.0|1.4|https://pokefanaticos.com/pokedex/assets/images/pokemon_imagenes/455.png|4
456|FINNEON|456|7.0|0.4|https://pokefanaticos.com/pokedex/assets/images/pokemon_imagenes/456.png|4
457|LUMINEON|457|24.0|1.2|https://pokefanaticos.com/pokedex/assets/images/pokemon_imagenes/457.png|4
458|MANTYKE|458|65.0|1.0|https://pokefanaticos.com/pokedex/assets/images/pokemon_imagenes/458.png|4
459|SNOVER|459|50.5|1.0|https://pokefanaticos.com/pokedex/assets/images/pokemon_imagenes/459.png|4
460|ABOMASNOW|460|135.5|2.2|https://pokefanaticos.com/pokedex/assets/images/pokemon_imagenes/460.png|4
461|WEAVILE|461|34.0|1.1|https://pokefanaticos.com/pokedex/assets/images/pokemon_imagenes/461.png|4
462|MAGNEZONE|462|180.0|1.2|https://pokefanaticos.com/pokedex/assets/images/pokemon_imagenes/462.png|4
463|LICKILICKY|463|140.0|1.7|https://pokefanaticos.com/pokedex/assets/images/pokemon_imagenes/463.png|4
464|RHYPERIOR|464|282.8|2.4|https://pokefanaticos.com/pokedex/assets/images/pokemon_imagenes/464.png|4
465|TANGROWTH|465|128.6|2.0|https://pokefanaticos.com/pokedex/assets/images/pokemon_imagenes/465.png|4
466|ELECTIVIRE|466|138.6|1.8|https://pokefanaticos.com/pokedex/assets/images/pokemon_imagenes/466.png|4
467|MAGMORTAR|467|68.0|1.6|https://pokefanaticos.com/pokedex/assets/images/pokemon_imagenes/467.png|4
468|TOGEKISS|468|38.0|1.5|https://pokefanaticos.com/pokedex/assets/images/pokemon_imagenes/468.png|4
469|YANMEGA|469|51.5|1.9|https://pokefanaticos.com/pokedex/assets/images/pokemon_imagenes/469.png|4
470|LEAFEON|470|25.5|1.0|https://pokefanaticos.com/pokedex/assets/images/pokemon_imagenes/470.png|4
471|GLACEON|471|25.9|0.8|https://pokefanaticos.com/pokedex/assets/images/pokemon_imagenes/471.png|4
472|GLISCOR|472|42.5|2.0|https://pokefanaticos.com/pokedex/assets/images/pokemon_imagenes/472.png|4
473|MAMOSWINE|473|291.0|2.5|https://pokefanaticos.com/pokedex/assets/images/pokemon_imagenes/473.png|4
474|PORYGON-Z|474|34.0|0.9|https://pokefanaticos.com/pokedex/assets/images/pokemon_imagenes/474.png|4
475|GALLADE|475|52.0|1.6|https://pokefanaticos.com/pokedex/assets/images/pokemon_imagenes/475.png|4
476|PROBOPASS|476|340.0|1.4|https://pokefanaticos.com/pokedex/assets/images/pokemon_imagenes/476.png|4
477|DUSKNOIR|477|106.6|2.2|https://pokefanaticos.com/pokedex/assets/images/pokemon_imagenes/477.png|4
478|FROSLASS|478|26.6|1.3|https://pokefanaticos.com/pokedex/assets/images/pokemon_imagenes/478.png|4
479|ROTOM|479|0.3|0.3|https://pokefanaticos.com/pokedex/assets/images/pokemon_imagenes/479.png|4
480|UXIE|480|0.3|0.3|https://pokefanaticos.com/pokedex/assets/images/pokemon_imagenes/480.png|4
481|MESPRIT|481|0.3|0.3|https://pokefanaticos.com/pokedex/assets/images/pokemon_imagenes/481.png|4
482|AZELF|482|0.3|0.3|https://pokefanaticos.com/pokedex/assets/images/pokemon_imagenes/482.png|4
483|DIALGA|483|683.0|5.4|https://pokefanaticos.com/pokedex/assets/images/pokemon_imagenes/483.png|4
484|PALKIA|484|336.0|4.2|https://pokefanaticos.com/pokedex/assets/images/pokemon_imagenes/484.png|4
485|HEATRAN|485|430.0|1.7|https://pokefanaticos.com/pokedex/assets/images/pokemon_imagenes/485.png|4
486|REGIGIGAS|486|420.0|3.7|https://pokefanaticos.com/pokedex/assets/images/pokemon_imagenes/486.png|4
487|GIRATINA|487|750.0|4.5|https://pokefanaticos.com/pokedex/assets/images/pokemon_imagenes/487.png|4
488|CRESSELIA|488|85.6|1.5|https://pokefanaticos.com/pokedex/assets/images/pokemon_imagenes/488.png|4
489|PHIONE|489|3.1|0.4|https://pokefanaticos.com/pokedex/assets/images/pokemon_imagenes/489.png|4
490|MANAPHY|490|1.4|0.3|https://pokefanaticos.com/pokedex/assets/images/pokemon_imagenes/490.png|4
491|DARKRAI|491|50.5|1.5|https://pokefanaticos.com/pokedex/assets/images/pokemon_imagenes/491.png|4
492|SHAYMIN|492|2.1|0.2|https://pokefanaticos.com/pokedex/assets/images/pokemon_imagenes/492.png|4
493|ARCEUS|493|320.0|3.2|https://pokefanaticos.com/pokedex/assets/images/pokemon_imagenes/493.png|4
494|VICTINI|494|4.0|0.4|https://pokefanaticos.com/pokedex/assets/images/pokemon_imagenes/494.png|5
495|SNIVY|495|8.1|0.6|https://pokefanaticos.com/pokedex/assets/images/pokemon_imagenes/495.png|5
496|SERVINE|496|16.0|0.8|https://pokefanaticos.com/pokedex/assets/images/pokemon_imagenes/496.png|5
497|SERPERIOR|497|63.0|3.3|https://pokefanaticos.com/pokedex/assets/images/pokemon_imagenes/497.png|5
498|TEPIG|498|9.9|0.5|https://pokefanaticos.com/pokedex/assets/images/pokemon_imagenes/498.png|5
499|PIGNITE|499|55.5|1.0|https://pokefanaticos.com/pokedex/assets/images/pokemon_imagenes/499.png|5
500|EMBOAR|500|150.0|1.6|https://pokefanaticos.com/pokedex/assets/images/pokemon_imagenes/500.png|5
501|OSHAWOTT|501|5.9|0.5|https://pokefanaticos.com/pokedex/assets/images/pokemon_imagenes/501.png|5
502|DEWOTT|502|24.5|0.8|https://pokefanaticos.com/pokedex/assets/images/pokemon_imagenes/502.png|5
503|SAMUROTT|503|94.6|1.5|https://pokefanaticos.com/pokedex/assets/images/pokemon_imagenes/503.png|5
504|PATRAT|504|11.6|0.5|https://pokefanaticos.com/pokedex/assets/images/pokemon_imagenes/504.png|5
505|WATCHOG|505|27.0|1.1|https://pokefanaticos.com/pokedex/assets/images/pokemon_imagenes/505.png|5
506|LILLIPUP|506|4.1|0.4|https://pokefanaticos.com/pokedex/assets/images/pokemon_imagenes/506.png|5
507|HERDIER|507|14.7|0.9|https://pokefanaticos.com/pokedex/assets/images/pokemon_imagenes/507.png|5
508|STOUTLAND|508|61.0|1.2|https://pokefanaticos.com/pokedex/assets/images/pokemon_imagenes/508.png|5
509|PURRLOIN|509|10.1|0.4|https://pokefanaticos.com/pokedex/assets/images/pokemon_imagenes/509.png|5
510|LIEPARD|510|37.5|1.1|https://pokefanaticos.com/pokedex/assets/images/pokemon_imagenes/510.png|5
511|PANSAGE|511|10.5|0.6|https://pokefanaticos.com/pokedex/assets/images/pokemon_imagenes/511.png|5
512|SIMISAGE|512|30.5|1.1|https://pokefanaticos.com/pokedex/assets/images/pokemon_imagenes/512.png|5
513|PANSEAR|513|11.0|0.6|https://pokefanaticos.com/pokedex/assets/images/pokemon_imagenes/513.png|5
514|SIMISEAR|514|28.0|1.0|https://pokefanaticos.com/pokedex/assets/images/pokemon_imagenes/514.png|5
515|PANPOUR|515|13.5|0.6|https://pokefanaticos.com/pokedex/assets/images/pokemon_imagenes/515.png|5
516|SIMIPOUR|516|29.0|1.0|https://pokefanaticos.com/pokedex/assets/images/pokemon_imagenes/516.png|5
517|MUNNA|517|23.3|0.6|https://pokefanaticos.com/pokedex/assets/images/pokemon_imagenes/517.png|5
518|MUSHARNA|518|60.5|1.1|https://pokefanaticos.com/pokedex/assets/images/pokemon_imagenes/518.png|5
519|PIDOVE|519|2.1|0.3|https://pokefanaticos.com/pokedex/assets/images/pokemon_imagenes/519.png|5
520|TRANQUILL|520|15.0|0.6|https://pokefanaticos.com/pokedex/assets/images/pokemon_imagenes/520.png|5
521|UNFEZANT|521|29.0|1.2|https://pokefanaticos.com/pokedex/assets/images/pokemon_imagenes/521.png|5
522|BLITZLE|522|29.8|0.8|https://pokefanaticos.com/pokedex/assets/images/pokemon_imagenes/522.png|5
523|ZEBSTRIKA|523|79.5|1.6|https://pokefanaticos.com/pokedex/assets/images/pokemon_imagenes/523.png|5
524|ROGGENROLA|524|18.0|0.4|https://pokefanaticos.com/pokedex/assets/images/pokemon_imagenes/524.png|5
525|BOLDORE|525|102.0|0.9|https://pokefanaticos.com/pokedex/assets/images/pokemon_imagenes/525.png|5
526|GIGALITH|526|260.0|1.7|https://pokefanaticos.com/pokedex/assets/images/pokemon_imagenes/526.png|5
527|WOOBAT|527|2.1|0.4|https://pokefanaticos.com/pokedex/assets/images/pokemon_imagenes/527.png|5
528|SWOOBAT|528|10.5|0.9|https://pokefanaticos.com/pokedex/assets/images/pokemon_imagenes/528.png|5
529|DRILBUR|529|8.5|0.3|https://pokefanaticos.com/pokedex/assets/images/pokemon_imagenes/529.png|5
530|EXCADRILL|530|40.4|0.7|https://pokefanaticos.com/pokedex/assets/images/pokemon_imagenes/530.png|5
531|AUDINO|531|31.0|1.1|https://pokefanaticos.com/pokedex/assets/images/pokemon_imagenes/531.png|5
532|TIMBURR|532|12.5|0.6|https://pokefanaticos.com/pokedex/assets/images/pokemon_imagenes/532.png|5
533|GURDURR|533|40.0|1.2|https://pokefanaticos.com/pokedex/assets/images/pokemon_imagenes/533.png|5
534|CONKELDURR|534|87.0|1.4|https://pokefanaticos.com/pokedex/assets/images/pokemon_imagenes/534.png|5
535|TYMPOLE|535|4.5|0.5|https://pokefanaticos.com/pokedex/assets/images/pokemon_imagenes/535.png|5
536|PALPITOAD|536|17.0|0.8|https://pokefanaticos.com/pokedex/assets/images/pokemon_imagenes/536.png|5
537|SEISMITOAD|537|62.0|1.5|https://pokefanaticos.com/pokedex/assets/images/pokemon_imagenes/537.png|5
538|THROH|538|55.5|1.3|https://pokefanaticos.com/pokedex/assets/images/pokemon_imagenes/538.png|5
539|SAWK|539|51.0|1.4|https://pokefanaticos.com/pokedex/assets/images/pokemon_imagenes/539.png|5
540|SEWADDLE|540|2.5|0.3|https://pokefanaticos.com/pokedex/assets/images/pokemon_imagenes/540.png|5
541|SWADLOON|541|7.3|0.5|https://pokefanaticos.com/pokedex/assets/images/pokemon_imagenes/541.png|5
542|LEAVANNY|542|20.5|1.2|https://pokefanaticos.com/pokedex/assets/images/pokemon_imagenes/542.png|5
543|VENIPEDE|543|5.3|0.4|https://pokefanaticos.com/pokedex/assets/images/pokemon_imagenes/543.png|5
544|WHIRLIPEDE|544|58.5|1.2|https://pokefanaticos.com/pokedex/assets/images/pokemon_imagenes/544.png|5
545|SCOLIPEDE|545|200.5|2.5|https://pokefanaticos.com/pokedex/assets/images/pokemon_imagenes/545.png|5
546|COTTONEE|546|0.6|0.3|https://pokefanaticos.com/pokedex/assets/images/pokemon_imagenes/546.png|5
547|WHIMSICOTT|547|6.6|0.7|https://pokefanaticos.com/pokedex/assets/images/pokemon_imagenes/547.png|5
548|PETILIL|548|6.6|0.5|https://pokefanaticos.com/pokedex/assets/images/pokemon_imagenes/548.png|5
549|LILLIGANT|549|16.3|1.1|https://pokefanaticos.com/pokedex/assets/images/pokemon_imagenes/549.png|5
550|BASCULIN|550|18.0|1.0|https://pokefanaticos.com/pokedex/assets/images/pokemon_imagenes/550.png|5
551|SANDILE|551|15.2|0.7|https://pokefanaticos.com/pokedex/assets/images/pokemon_imagenes/551.png|5
552|KROKOROK|552|33.4|1.0|https://pokefanaticos.com/pokedex/assets/images/pokemon_imagenes/552.png|5
553|KROOKODILE|553|96.3|1.5|https://pokefanaticos.com/pokedex/assets/images/pokemon_imagenes/553.png|5
554|DARUMAKA|554|37.5|0.6|https://pokefanaticos.com/pokedex/assets/images/pokemon_imagenes/554.png|5
555|DARMANITAN|555|92.9|1.3|https://pokefanaticos.com/pokedex/assets/images/pokemon_imagenes/555.png|5
556|MARACTUS|556|28.0|1.0|https://pokefanaticos.com/pokedex/assets/images/pokemon_imagenes/556.png|5
557|DWEBBLE|557|14.5|0.3|https://pokefanaticos.com/pokedex/assets/images/pokemon_imagenes/557.png|5
558|CRUSTLE|558|200.0|1.4|https://pokefanaticos.com/pokedex/assets/images/pokemon_imagenes/558.png|5
559|SCRAGGY|559|11.8|0.6|https://pokefanaticos.com/pokedex/assets/images/pokemon_imagenes/559.png|5
560|SCRAFTY|560|30.0|1.1|https://pokefanaticos.com/pokedex/assets/images/pokemon_imagenes/560.png|5
561|SIGILYPH|561|14.0|1.4|https://pokefanaticos.com/pokedex/assets/images/pokemon_imagenes/561.png|5
562|YAMASK|562|1.5|0.5|https://pokefanaticos.com/pokedex/assets/images/pokemon_imagenes/562.png|5
563|COFAGRIGUS|563|76.5|1.7|https://pokefanaticos.com/pokedex/assets/images/pokemon_imagenes/563.png|5
564|TIRTOUGA|564|16.5|0.7|https://pokefanaticos.com/pokedex/assets/images/pokemon_imagenes/564.png|5
565|CARRACOSTA|565|81.0|1.2|https://pokefanaticos.com/pokedex/assets/images/pokemon_imagenes/565.png|5
566|ARCHEN|566|9.5|0.5|https://pokefanaticos.com/pokedex/assets/images/pokemon_imagenes/566.png|5
567|ARCHEOPS|567|32.0|1.4|https://pokefanaticos.com/pokedex/assets/images/pokemon_imagenes/567.png|5
568|TRUBBISH|568|31.0|0.6|https://pokefanaticos.com/pokedex/assets/images/pokemon_imagenes/568.png|5
569|GARBODOR|569|107.3|1.9|https://pokefanaticos.com/pokedex/assets/images/pokemon_imagenes/569.png|5
570|ZORUA|570|12.5|0.7|https://pokefanaticos.com/pokedex/assets/images/pokemon_imagenes/570.png|5
571|ZOROARK|571|81.1|1.6|https://pokefanaticos.com/pokedex/assets/images/pokemon_imagenes/571.png|5
572|MINCCINO|572|5.8|0.4|https://pokefanaticos.com/pokedex/assets/images/pokemon_imagenes/572.png|5
573|CINCCINO|573|7.5|0.5|https://pokefanaticos.com/pokedex/assets/images/pokemon_imagenes/573.png|5
574|GOTHITA|574|5.8|0.4|https://pokefanaticos.com/pokedex/assets/images/pokemon_imagenes/574.png|5
575|GOTHORITA|575|18.0|0.7|https://pokefanaticos.com/pokedex/assets/images/pokemon_imagenes/575.png|5
576|GOTHITELLE|576|44.0|1.5|https://pokefanaticos.com/pokedex/assets/images/pokemon_imagenes/576.png|5
577|SOLOSIS|577|1.0|0.3|https://pokefanaticos.com/pokedex/assets/images/pokemon_imagenes/577.png|5
578|DUOSION|578|8.0|0.6|https://pokefanaticos.com/pokedex/assets/images/pokemon_imagenes/578.png|5
579|REUNICLUS|579|20.1|1.0|https://pokefanaticos.com/pokedex/assets/images/pokemon_imagenes/579.png|5
580|DUCKLETT|580|5.5|0.5|https://pokefanaticos.com/pokedex/assets/images/pokemon_imagenes/580.png|5
581|SWANNA|581|24.2|1.3|https://pokefanaticos.com/pokedex/assets/images/pokemon_imagenes/581.png|5
582|VANILLITE|582|5.7|0.4|https://pokefanaticos.com/pokedex/assets/images/pokemon_imagenes/582.png|5
583|VANILLISH|583|41.0|1.1|https://pokefanaticos.com/pokedex/assets/images/pokemon_imagenes/583.png|5
584|VANILLUXE|584|57.5|1.3|https://pokefanaticos.com/pokedex/assets/images/pokemon_imagenes/584.png|5
585|DEERLING|585|19.5|0.6|https://pokefanaticos.com/pokedex/assets/images/pokemon_imagenes/585.png|5
586|SAWSBUCK|586|92.5|1.9|https://pokefanaticos.com/pokedex/assets/images/pokemon_imagenes/586.png|5
587|EMOLGA|587|5.0|0.4|https://pokefanaticos.com/pokedex/assets/images/pokemon_imagenes/587.png|5
588|KARRABLAST|588|5.9|0.5|https://pokefanaticos.com/pokedex/assets/images/pokemon_imagenes/588.png|5
589|ESCAVALIER|589|33.0|1.0|https://pokefanaticos.com/pokedex/assets/images/pokemon_imagenes/589.png|5
590|FOONGUS|590|1.0|0.2|https://pokefanaticos.com/pokedex/assets/images/pokemon_imagenes/590.png|5
591|AMOONGUSS|591|10.5|0.6|https://pokefanaticos.com/pokedex/assets/images/pokemon_imagenes/591.png|5
592|FRILLISH|592|33.0|1.2|https://pokefanaticos.com/pokedex/assets/images/pokemon_imagenes/592.png|5
593|JELLICENT|593|135.0|2.2|https://pokefanaticos.com/pokedex/assets/images/pokemon_imagenes/593.png|5
594|ALOMOMOLA|594|31.6|1.2|https://pokefanaticos.com/pokedex/assets/images/pokemon_imagenes/594.png|5
595|JOLTIK|595|0.6|0.1|https://pokefanaticos.com/pokedex/assets/images/pokemon_imagenes/595.png|5
596|GALVANTULA|596|14.3|0.8|https://pokefanaticos.com/pokedex/assets/images/pokemon_imagenes/596.png|5
597|FERROSEED|597|18.8|0.6|https://pokefanaticos.com/pokedex/assets/images/pokemon_imagenes/597.png|5
598|FERROTHORN|598|110.0|1.0|https://pokefanaticos.com/pokedex/assets/images/pokemon_imagenes/598.png|5
599|KLINK|599|21.0|0.3|https://pokefanaticos.com/pokedex/assets/images/pokemon_imagenes/599.png|5
600|KLANG|600|51.0|0.6|https://pokefanaticos.com/pokedex/assets/images/pokemon_imagenes/600.png|5
601|KLINKLANG|601|81.0|0.6|https://pokefanaticos.com/pokedex/assets/images/pokemon_imagenes/601.png|5
602|TYNAMO|602|0.3|0.2|https://pokefanaticos.com/pokedex/assets/images/pokemon_imagenes/602.png|5
603|EELEKTRIK|603|22.0|1.2|https://pokefanaticos.com/pokedex/assets/images/pokemon_imagenes/603.png|5
604|EELEKTROSS|604|80.5|2.1|https://pokefanaticos.com/pokedex/assets/images/pokemon_imagenes/604.png|5
605|ELGYEM|605|9.0|0.5|https://pokefanaticos.com/pokedex/assets/images/pokemon_imagenes/605.png|5
606|BEHEEYEM|606|34.5|1.0|https://pokefanaticos.com/pokedex/assets/images/pokemon_imagenes/606.png|5
607|LITWICK|607|3.1|0.3|https://pokefanaticos.com/pokedex/assets/images/pokemon_imagenes/607.png|5
608|LAMPENT|608|13.0|0.6|https://pokefanaticos.com/pokedex/assets/images/pokemon_imagenes/608.png|5
609|CHANDELURE|609|34.3|1.0|https://pokefanaticos.com/pokedex/assets/images/pokemon_imagenes/609.png|5
610|AXEW|610|18.0|0.6|https://pokefanaticos.com/pokedex/assets/images/pokemon_imagenes/610.png|5
611|FRAXURE|611|36.0|1.0|https://pokefanaticos.com/pokedex/assets/images/pokemon_imagenes/611.png|5
612|HAXORUS|612|105.5|1.8|https://pokefanaticos.com/pokedex/assets/images/pokemon_imagenes/612.png|5
613|CUBCHOO|613|8.5|0.5|https://pokefanaticos.com/pokedex/assets/images/pokemon_imagenes/613.png|5
614|BEARTIC|614|260.0|2.6|https://pokefanaticos.com/pokedex/assets/images/pokemon_imagenes/614.png|5
615|CRYOGONAL|615|148.0|1.1|https://pokefanaticos.com/pokedex/assets/images/pokemon_imagenes/615.png|5
616|SHELMET|616|7.7|0.4|https://pokefanaticos.com/pokedex/assets/images/pokemon_imagenes/616.png|5
617|ACCELGOR|617|25.3|0.8|https://pokefanaticos.com/pokedex/assets/images/pokemon_imagenes/617.png|5
618|STUNFISK|618|11.0|0.7|https://pokefanaticos.com/pokedex/assets/images/pokemon_imagenes/618.png|5
619|MIENFOO|619|20.0|0.9|https://pokefanaticos.com/pokedex/assets/images/pokemon_imagenes/619.png|5
620|MIENSHAO|620|35.5|1.4|https://pokefanaticos.com/pokedex/assets/images/pokemon_imagenes/620.png|5
621|DRUDDIGON|621|139.0|1.6|https://pokefanaticos.com/pokedex/assets/images/pokemon_imagenes/621.png|5
622|GOLETT|622|92.0|1.0|https://pokefanaticos.com/pokedex/assets/images/pokemon_imagenes/622.png|5
623|GOLURK|623|330.0|2.8|https://pokefanaticos.com/pokedex/assets/images/pokemon_imagenes/623.png|5
624|PAWNIARD|624|10.2|0.5|https://pokefanaticos.com/pokedex/assets/images/pokemon_imagenes/624.png|5
625|BISHARP|625|70.0|1.6|https://pokefanaticos.com/pokedex/assets/images/pokemon_imagenes/625.png|5
626|BOUFFALANT|626|94.6|1.6|https://pokefanaticos.com/pokedex/assets/images/pokemon_imagenes/626.png|5
627|RUFFLET|627|10.5|0.5|https://pokefanaticos.com/pokedex/assets/images/pokemon_imagenes/627.png|5
628|BRAVIARY|628|41.0|1.5|https://pokefanaticos.com/pokedex/assets/images/pokemon_imagenes/628.png|5
629|VULLABY|629|9.0|0.5|https://pokefanaticos.com/pokedex/assets/images/pokemon_imagenes/629.png|5
630|MANDIBUZZ|630|39.5|1.2|https://pokefanaticos.com/pokedex/assets/images/pokemon_imagenes/630.png|5
631|HEATMOR|631|58.0|1.4|https://pokefanaticos.com/pokedex/assets/images/pokemon_imagenes/631.png|5
632|DURANT|632|33.0|0.3|https://pokefanaticos.com/pokedex/assets/images/pokemon_imagenes/632.png|5
633|DEINO|633|17.3|0.8|https://pokefanaticos.com/pokedex/assets/images/pokemon_imagenes/633.png|5
634|ZWEILOUS|634|50.0|1.4|https://pokefanaticos.com/pokedex/assets/images/pokemon_imagenes/634.png|5
635|HYDREIGON|635|160.0|1.8|https://pokefanaticos.com/pokedex/assets/images/pokemon_imagenes/635.png|5
636|LARVESTA|636|28.8|1.1|https://pokefanaticos.com/pokedex/assets/images/pokemon_imagenes/636.png|5
637|VOLCARONA|637|46.0|1.6|https://pokefanaticos.com/pokedex/assets/images/pokemon_imagenes/637.png|5
638|COBALION|638|250.0|2.1|https://pokefanaticos.com/pokedex/assets/images/pokemon_imagenes/638.png|5
639|TERRAKION|639|260.0|1.9|https://pokefanaticos.com/pokedex/assets/images/pokemon_imagenes/639.png|5
640|VIRIZION|640|200.0|2.0|https://pokefanaticos.com/pokedex/assets/images/pokemon_imagenes/640.png|5
641|TORNADUS|641|63.0|1.5|https://pokefanaticos.com/pokedex/assets/images/pokemon_imagenes/641.png|5
642|THUNDURUS|642|61.0|1.5|https://pokefanaticos.com/pokedex/assets/images/pokemon_imagenes/642.png|5
643|RESHIRAM|643|330.0|3.2|https://pokefanaticos.com/pokedex/assets/images/pokemon_imagenes/643.png|5
644|ZEKROM|644|345.0|2.9|https://pokefanaticos.com/pokedex/assets/images/pokemon_imagenes/644.png|5
645|LANDORUS|645|68.0|1.5|https://pokefanaticos.com/pokedex/assets/images/pokemon_imagenes/645.png|5
646|KYUREM|646|325.0|3.0|https://pokefanaticos.com/pokedex/assets/images/pokemon_imagenes/646.png|5
647|KELDEO|647|48.5|1.4|https://pokefanaticos.com/pokedex/assets/images/pokemon_imagenes/647.png|5
648|MELOETTA|648|6.5|0.6|https://pokefanaticos.com/pokedex/assets/images/pokemon_imagenes/648.png|5
649|GENESECT|649|82.5|1.5|https://pokefanaticos.com/pokedex/assets/images/pokemon_imagenes/649.png|5
650|CHESPIN|650|9.0|0.4|https://pokefanaticos.com/pokedex/assets/images/pokemon_imagenes/650.png|6
651|QUILLADIN|651|29.0|0.7|https://pokefanaticos.com/pokedex/assets/images/pokemon_imagenes/651.png|6
652|CHESNAUGHT|652|90.0|1.6|https://pokefanaticos.com/pokedex/assets/images/pokemon_imagenes/652.png|6
653|FENNEKIN|653|9.4|0.4|https://pokefanaticos.com/pokedex/assets/images/pokemon_imagenes/653.png|6
654|BRAIXEN|654|14.5|1.0|https://pokefanaticos.com/pokedex/assets/images/pokemon_imagenes/654.png|6
655|DELPHOX|655|39.0|1.5|https://pokefanaticos.com/pokedex/assets/images/pokemon_imagenes/655.png|6
656|FROAKIE|656|7.0|0.3|https://pokefanaticos.com/pokedex/assets/images/pokemon_imagenes/656.png|6
657|FROGADIER|657|10.9|0.6|https://pokefanaticos.com/pokedex/assets/images/pokemon_imagenes/657.png|6
658|GRENINJA|658|40.0|1.5|https://pokefanaticos.com/pokedex/assets/images/pokemon_imagenes/658.png|6
659|BUNNELBY|659|5.0|0.4|https://pokefanaticos.com/pokedex/assets/images/pokemon_imagenes/659.png|6
660|DIGGERSBY|660|42.4|1.0|https://pokefanaticos.com/pokedex/assets/images/pokemon_imagenes/660.png|6
661|FLETCHLING|661|1.7|0.3|https://pokefanaticos.com/pokedex/assets/images/pokemon_imagenes/661.png|6
662|FLETCHINDER|662|16.0|0.7|https://pokefanaticos.com/pokedex/assets/images/pokemon_imagenes/662.png|6
663|TALONFLAME|663|24.5|1.2|https://pokefanaticos.com/pokedex/assets/images/pokemon_imagenes/663.png|6
664|SCATTERBUG|664|2.5|0.3|https://pokefanaticos.com/pokedex/assets/images/pokemon_imagenes/664.png|6
665|SPEWPA|665|8.4|0.3|https://pokefanaticos.com/pokedex/assets/images/pokemon_imagenes/665.png|6
666|VIVILLON|666|17.0|1.2|https://pokefanaticos.com/pokedex/assets/images/pokemon_imagenes/666.png|6
667|LITLEO|667|13.5|0.6|https://pokefanaticos.com/pokedex/assets/images/pokemon_imagenes/667.png|6
668|PYROAR|668|81.5|1.5|https://pokefanaticos.com/pokedex/assets/images/pokemon_imagenes/668.png|6
669|FLABÃ©BÃ©|669|0.1|0.1|https://pokefanaticos.com/pokedex/assets/images/pokemon_imagenes/669.png|6
670|FLOETTE|670|0.9|0.2|https://pokefanaticos.com/pokedex/assets/images/pokemon_imagenes/670.png|6
671|FLORGES|671|10.0|1.1|https://pokefanaticos.com/pokedex/assets/images/pokemon_imagenes/671.png|6
672|SKIDDO|672|31.0|0.9|https://pokefanaticos.com/pokedex/assets/images/pokemon_imagenes/672.png|6
673|GOGOAT|673|91.0|1.7|https://pokefanaticos.com/pokedex/assets/images/pokemon_imagenes/673.png|6
674|PANCHAM|674|8.0|0.6|https://pokefanaticos.com/pokedex/assets/images/pokemon_imagenes/674.png|6
675|PANGORO|675|136.0|2.1|https://pokefanaticos.com/pokedex/assets/images/pokemon_imagenes/675.png|6
676|FURFROU|676|28.0|1.2|https://pokefanaticos.com/pokedex/assets/images/pokemon_imagenes/676.png|6
677|ESPURR|677|3.5|0.3|https://pokefanaticos.com/pokedex/assets/images/pokemon_imagenes/677.png|6
678|MEOWSTIC|678|8.5|0.6|https://pokefanaticos.com/pokedex/assets/images/pokemon_imagenes/678.png|6
679|HONEDGE|679|2.0|0.8|https://pokefanaticos.com/pokedex/assets/images/pokemon_imagenes/679.png|6
680|DOUBLADE|680|4.5|0.8|https://pokefanaticos.com/pokedex/assets/images/pokemon_imagenes/680.png|6
681|AEGISLASH|681|53.0|1.7|https://pokefanaticos.com/pokedex/assets/images/pokemon_imagenes/681.png|6
682|SPRITZEE|682|0.5|0.2|https://pokefanaticos.com/pokedex/assets/images/pokemon_imagenes/682.png|6
683|AROMATISSE|683|15.5|0.8|https://pokefanaticos.com/pokedex/assets/images/pokemon_imagenes/683.png|6
684|SWIRLIX|684|3.5|0.4|https://pokefanaticos.com/pokedex/assets/images/pokemon_imagenes/684.png|6
685|SLURPUFF|685|5.0|0.8|https://pokefanaticos.com/pokedex/assets/images/pokemon_imagenes/685.png|6
686|INKAY|686|3.5|0.4|https://pokefanaticos.com/pokedex/assets/images/pokemon_imagenes/686.png|6
687|MALAMAR|687|47.0|1.5|https://pokefanaticos.com/pokedex/assets/images/pokemon_imagenes/687.png|6
688|BINACLE|688|31.0|0.5|https://pokefanaticos.com/pokedex/assets/images/pokemon_imagenes/688.png|6
689|BARBARACLE|689|96.0|1.3|https://pokefanaticos.com/pokedex/assets/images/pokemon_imagenes/689.png|6
690|SKRELP|690|7.3|0.5|https://pokefanaticos.com/pokedex/assets/images/pokemon_imagenes/690.png|6
691|DRAGALGE|691|81.5|1.8|https://pokefanaticos.com/pokedex/assets/images/pokemon_imagenes/691.png|6
692|CLAUNCHER|692|8.3|0.5|https://pokefanaticos.com/pokedex/assets/images/pokemon_imagenes/692.png|6
693|CLAWITZER|693|35.3|1.3|https://pokefanaticos.com/pokedex/assets/images/pokemon_imagenes/693.png|6
694|HELIOPTILE|694|6.0|0.5|https://pokefanaticos.com/pokedex/assets/images/pokemon_imagenes/694.png|6
695|HELIOLISK|695|21.0|1.0|https://pokefanaticos.com/pokedex/assets/images/pokemon_imagenes/695.png|6
696|TYRUNT|696|26.0|0.8|https://pokefanaticos.com/pokedex/assets/images/pokemon_imagenes/696.png|6
697|TYRANTRUM|697|270.0|2.5|https://pokefanaticos.com/pokedex/assets/images/pokemon_imagenes/697.png|6
698|AMAURA|698|25.2|1.3|https://pokefanaticos.com/pokedex/assets/images/pokemon_imagenes/698.png|6
699|AURORUS|699|225.0|2.7|https://pokefanaticos.com/pokedex/assets/images/pokemon_imagenes/699.png|6
700|SYLVEON|700|23.5|1.0|https://pokefanaticos.com/pokedex/assets/images/pokemon_imagenes/700.png|6
701|HAWLUCHA|701|21.5|0.8|https://pokefanaticos.com/pokedex/assets/images/pokemon_imagenes/701.png|6
702|DEDENNE|702|2.2|0.2|https://pokefanaticos.com/pokedex/assets/images/pokemon_imagenes/702.png|6
703|CARBINK|703|5.7|0.3|https://pokefanaticos.com/pokedex/assets/images/pokemon_imagenes/703.png|6
704|GOOMY|704|2.8|0.3|https://pokefanaticos.com/pokedex/assets/images/pokemon_imagenes/704.png|6
705|SLIGGOO|705|17.5|0.8|https://pokefanaticos.com/pokedex/assets/images/pokemon_imagenes/705.png|6
706|GOODRA|706|150.5|2.0|https://pokefanaticos.com/pokedex/assets/images/pokemon_imagenes/706.png|6
707|KLEFKI|707|3.0|0.2|https://pokefanaticos.com/pokedex/assets/images/pokemon_imagenes/707.png|6
708|PHANTUMP|708|7.0|0.4|https://pokefanaticos.com/pokedex/assets/images/pokemon_imagenes/708.png|6
709|TREVENANT|709|71.0|1.5|https://pokefanaticos.com/pokedex/assets/images/pokemon_imagenes/709.png|6
710|PUMPKABOO|710|5.0|0.4|https://pokefanaticos.com/pokedex/assets/images/pokemon_imagenes/710.png|6
711|GOURGEIST|711|12.5|0.9|https://pokefanaticos.com/pokedex/assets/images/pokemon_imagenes/711.png|6
712|BERGMITE|712|99.5|1.0|https://pokefanaticos.com/pokedex/assets/images/pokemon_imagenes/712.png|6
713|AVALUGG|713|505.0|2.0|https://pokefanaticos.com/pokedex/assets/images/pokemon_imagenes/713.png|6
714|NOIBAT|714|8.0|0.5|https://pokefanaticos.com/pokedex/assets/images/pokemon_imagenes/714.png|6
715|NOIVERN|715|85.0|1.5|https://pokefanaticos.com/pokedex/assets/images/pokemon_imagenes/715.png|6
716|XERNEAS|716|215.0|3.0|https://pokefanaticos.com/pokedex/assets/images/pokemon_imagenes/716.png|6
717|YVELTAL|717|203.0|5.8|https://pokefanaticos.com/pokedex/assets/images/pokemon_imagenes/717.png|6
718|ZYGARDE|718|305.0|5.0|https://pokefanaticos.com/pokedex/assets/images/pokemon_imagenes/718.png|6
719|DIANCIE|719|8.8|0.7|https://pokefanaticos.com/pokedex/assets/images/pokemon_imagenes/719.png|6
720|HOOPA|720|9.0|0.5|https://pokefanaticos.com/pokedex/assets/images/pokemon_imagenes/720.png|6
721|VOLCANION|721|195.0|1.7|https://pokefanaticos.com/pokedex/assets/images/pokemon_imagenes/721.png|6
722|ROWLET|722|1.5|0.3|https://pokefanaticos.com/pokedex/assets/images/pokemon_imagenes/722.png|7
723|DARTRIX|723|16.0|0.7|https://pokefanaticos.com/pokedex/assets/images/pokemon_imagenes/723.png|7
724|DECIDUEYE|724|36.6|1.6|https://pokefanaticos.com/pokedex/assets/images/pokemon_imagenes/724.png|7
725|LITTEN|725|4.3|0.4|https://pokefanaticos.com/pokedex/assets/images/pokemon_imagenes/725.png|7
726|TORRACAT|726|25.0|0.7|https://pokefanaticos.com/pokedex/assets/images/pokemon_imagenes/726.png|7
727|INCINEROAR|727|83.0|1.8|https://pokefanaticos.com/pokedex/assets/images/pokemon_imagenes/727.png|7
728|POPPLIO|728|7.5|0.4|https://pokefanaticos.com/pokedex/assets/images/pokemon_imagenes/728.png|7
729|BRIONNE|729|17.5|0.6|https://pokefanaticos.com/pokedex/assets/images/pokemon_imagenes/729.png|7
730|PRIMARINA|730|44.0|1.8|https://pokefanaticos.com/pokedex/assets/images/pokemon_imagenes/730.png|7
731|PIKIPEK|731|1.2|0.3|https://pokefanaticos.com/pokedex/assets/images/pokemon_imagenes/731.png|7
732|TRUMBEAK|732|14.8|0.6|https://pokefanaticos.com/pokedex/assets/images/pokemon_imagenes/732.png|7
733|TOUCANNON|733|26.0|1.1|https://pokefanaticos.com/pokedex/assets/images/pokemon_imagenes/733.png|7
734|YUNGOOS|734|6.0|0.4|https://pokefanaticos.com/pokedex/assets/images/pokemon_imagenes/734.png|7
735|GUMSHOOS|735|14.2|0.7|https://pokefanaticos.com/pokedex/assets/images/pokemon_imagenes/735.png|7
736|GRUBBIN|736|4.4|0.4|https://pokefanaticos.com/pokedex/assets/images/pokemon_imagenes/736.png|7
737|CHARJABUG|737|10.5|0.5|https://pokefanaticos.com/pokedex/assets/images/pokemon_imagenes/737.png|7
738|VIKAVOLT|738|45.0|1.5|https://pokefanaticos.com/pokedex/assets/images/pokemon_imagenes/738.png|7
739|CRABRAWLER|739|7.0|0.6|https://pokefanaticos.com/pokedex/assets/images/pokemon_imagenes/739.png|7
740|CRABOMINABLE|740|180.0|1.7|https://pokefanaticos.com/pokedex/assets/images/pokemon_imagenes/740.png|7
741|ORICORIO|741|3.4|0.6|https://pokefanaticos.com/pokedex/assets/images/pokemon_imagenes/741.png|7
742|CUTIEFLY|742|0.2|0.1|https://pokefanaticos.com/pokedex/assets/images/pokemon_imagenes/742.png|7
743|RIBOMBEE|743|0.5|0.2|https://pokefanaticos.com/pokedex/assets/images/pokemon_imagenes/743.png|7
744|ROCKRUFF|744|9.2|0.5|https://pokefanaticos.com/pokedex/assets/images/pokemon_imagenes/744.png|7
745|LYCANROC|745|25.0|0.8|https://pokefanaticos.com/pokedex/assets/images/pokemon_imagenes/745.png|7
746|WISHIWASHI|746|0.3|0.2|https://pokefanaticos.com/pokedex/assets/images/pokemon_imagenes/746.png|7
747|MAREANIE|747|8.0|0.4|https://pokefanaticos.com/pokedex/assets/images/pokemon_imagenes/747.png|7
748|TOXAPEX|748|14.5|0.7|https://pokefanaticos.com/pokedex/assets/images/pokemon_imagenes/748.png|7
749|MUDBRAY|749|110.0|1.0|https://pokefanaticos.com/pokedex/assets/images/pokemon_imagenes/749.png|7
750|MUDSDALE|750|920.0|2.5|https://pokefanaticos.com/pokedex/assets/images/pokemon_imagenes/750.png|7
751|DEWPIDER|751|4.0|0.3|https://pokefanaticos.com/pokedex/assets/images/pokemon_imagenes/751.png|7
752|ARAQUANID|752|82.0|1.8|https://pokefanaticos.com/pokedex/assets/images/pokemon_imagenes/752.png|7
753|FOMANTIS|753|1.5|0.3|https://pokefanaticos.com/pokedex/assets/images/pokemon_imagenes/753.png|7
754|LURANTIS|754|18.5|0.9|https://pokefanaticos.com/pokedex/assets/images/pokemon_imagenes/754.png|7
755|MORELULL|755|1.5|0.2|https://pokefanaticos.com/pokedex/assets/images/pokemon_imagenes/755.png|7
756|SHIINOTIC|756|11.5|1.0|https://pokefanaticos.com/pokedex/assets/images/pokemon_imagenes/756.png|7
757|SALANDIT|757|4.8|0.6|https://pokefanaticos.com/pokedex/assets/images/pokemon_imagenes/757.png|7
758|SALAZZLE|758|22.2|1.2|https://pokefanaticos.com/pokedex/assets/images/pokemon_imagenes/758.png|7
759|STUFFUL|759|6.8|0.5|https://pokefanaticos.com/pokedex/assets/images/pokemon_imagenes/759.png|7
760|BEWEAR|760|135.0|2.1|https://pokefanaticos.com/pokedex/assets/images/pokemon_imagenes/760.png|7
761|BOUNSWEET|761|3.2|0.3|https://pokefanaticos.com/pokedex/assets/images/pokemon_imagenes/761.png|7
762|STEENEE|762|8.2|0.7|https://pokefanaticos.com/pokedex/assets/images/pokemon_imagenes/762.png|7
763|TSAREENA|763|21.4|1.2|https://pokefanaticos.com/pokedex/assets/images/pokemon_imagenes/763.png|7
764|COMFEY|764|0.3|0.1|https://pokefanaticos.com/pokedex/assets/images/pokemon_imagenes/764.png|7
765|ORANGURU|765|76.0|1.5|https://pokefanaticos.com/pokedex/assets/images/pokemon_imagenes/765.png|7
766|PASSIMIAN|766|82.8|2.0|https://pokefanaticos.com/pokedex/assets/images/pokemon_imagenes/766.png|7
767|WIMPOD|767|12.0|0.5|https://pokefanaticos.com/pokedex/assets/images/pokemon_imagenes/767.png|7
768|GOLISOPOD|768|108.0|2.0|https://pokefanaticos.com/pokedex/assets/images/pokemon_imagenes/768.png|7
769|SANDYGAST|769|70.0|0.5|https://pokefanaticos.com/pokedex/assets/images/pokemon_imagenes/769.png|7
770|PALOSSAND|770|250.0|1.3|https://pokefanaticos.com/pokedex/assets/images/pokemon_imagenes/770.png|7
771|PYUKUMUKU|771|1.2|0.3|https://pokefanaticos.com/pokedex/assets/images/pokemon_imagenes/771.png|7
772|CÃ³DIGO CERO / TYPE: NULL|772|120.5|1.9|https://pokefanaticos.com/pokedex/assets/images/pokemon_imagenes/772.png|7
773|SILVALLY|773|100.5|2.3|https://pokefanaticos.com/pokedex/assets/images/pokemon_imagenes/773.png|7
774|MINIOR|774|40.0|0.3|https://pokefanaticos.com/pokedex/assets/images/pokemon_imagenes/774.png|7
775|KOMALA|775|19.9|0.4|https://pokefanaticos.com/pokedex/assets/images/pokemon_imagenes/775.png|7
776|TURTONATOR|776|212.0|2.0|https://pokefanaticos.com/pokedex/assets/images/pokemon_imagenes/776.png|7
777|TOGEDEMARU|777|3.3|0.3|https://pokefanaticos.com/pokedex/assets/images/pokemon_imagenes/777.png|7
778|MIMIKYU|778|0.7|0.2|https://pokefanaticos.com/pokedex/assets/images/pokemon_imagenes/778.png|7
779|BRUXISH|779|19.0|0.9|https://pokefanaticos.com/pokedex/assets/images/pokemon_imagenes/779.png|7
780|DRAMPA|780|185.0|3.0|https://pokefanaticos.com/pokedex/assets/images/pokemon_imagenes/780.png|7
781|DHELMISE|781|210.0|3.9|https://pokefanaticos.com/pokedex/assets/images/pokemon_imagenes/781.png|7
782|JANGMO-O|782|29.7|0.6|https://pokefanaticos.com/pokedex/assets/images/pokemon_imagenes/782.png|7
783|HAKAMO-O|783|47.0|1.2|https://pokefanaticos.com/pokedex/assets/images/pokemon_imagenes/783.png|7
784|KOMMO-O|784|78.2|1.6|https://pokefanaticos.com/pokedex/assets/images/pokemon_imagenes/784.png|7
785|TAPU KOKO|785|20.5|1.8|https://pokefanaticos.com/pokedex/assets/images/pokemon_imagenes/785.png|7
786|TAPU LELE|786|18.6|1.2|https://pokefanaticos.com/pokedex/assets/images/pokemon_imagenes/786.png|7
787|TAPU BULU|787|45.5|1.9|https://pokefanaticos.com/pokedex/assets/images/pokemon_imagenes/787.png|7
788|TAPU FINI|788|21.2|1.3|https://pokefanaticos.com/pokedex/assets/images/pokemon_imagenes/788.png|7
789|COSMOG|789|0.1|0.2|https://pokefanaticos.com/pokedex/assets/images/pokemon_imagenes/789.png|7
790|COSMOEM|790|999.9|0.1|https://pokefanaticos.com/pokedex/assets/images/pokemon_imagenes/790.png|7
791|SOLGALEO|791|230.0|3.4|https://pokefanaticos.com/pokedex/assets/images/pokemon_imagenes/791.png|7
792|LUNALA|792|120.0|4.0|https://pokefanaticos.com/pokedex/assets/images/pokemon_imagenes/792.png|7
793|NIHILEGO|793|55.5|1.2|https://pokefanaticos.com/pokedex/assets/images/pokemon_imagenes/793.png|7
794|BUZZWOLE|794|333.6|2.4|https://pokefanaticos.com/pokedex/assets/images/pokemon_imagenes/794.png|7
795|PHEROMOSA|795|25.0|1.8|https://pokefanaticos.com/pokedex/assets/images/pokemon_imagenes/795.png|7
796|XURKITREE|796|100.0|3.8|https://pokefanaticos.com/pokedex/assets/images/pokemon_imagenes/796.png|7
797|CELESTEELA|797|999.9|9.2|https://pokefanaticos.com/pokedex/assets/images/pokemon_imagenes/797.png|7
798|KARTANA|798|0.1|0.3|https://pokefanaticos.com/pokedex/assets/images/pokemon_imagenes/798.png|7
799|GUZZLORD|799|888.0|5.5|https://pokefanaticos.com/pokedex/assets/images/pokemon_imagenes/799.png|7
800|NECROZMA|800|230.0|2.4|https://pokefanaticos.com/pokedex/assets/images/pokemon_imagenes/800.png|7
801|MAGEARNA|801|80.5|1.0|https://pokefanaticos.com/pokedex/assets/images/pokemon_imagenes/801.png|7
802|MARSHADOW|802|22.2|0.7|https://pokefanaticos.com/pokedex/assets/images/pokemon_imagenes/802.png|7
803|POIPOLE|803|1.8|0.6|https://pokefanaticos.com/pokedex/assets/images/pokemon_imagenes/803.png|7
804|NAGANADEL|804|150.0|3.6|https://pokefanaticos.com/pokedex/assets/images/pokemon_imagenes/804.png|7
805|STAKATAKA|805|820.0|5.5|https://pokefanaticos.com/pokedex/assets/images/pokemon_imagenes/805.png|7
806|BLACEPHALON|806|13.0|1.8|https://pokefanaticos.com/pokedex/assets/images/pokemon_imagenes/806.png|7
807|ZERAORA|807|44.5|1.5|https://pokefanaticos.com/pokedex/assets/images/pokemon_imagenes/807.png|7
